Label,S_time,M_size,V_size,M_int,V_int
122,1597282098.829695,410.64285714285717,2.70578231292517,0.23916346270863603,0.0024435504898736825
122,1597282123.796492,410.38461538461536,1.7751479289940828,0.8205994168917338,0.012031068606778286
122,1597282098.801397,410.0681818181818,2.6089876033057853,0.2315891842509425,0.0017844579052002547
122,1597282114.90946,410.27777777777777,2.3117283950617287,0.5347993514117073,0.01566384250772277
122,1597282121.821223,410.8,2.6599999999999993,0.49283532092445775,0.008342223540474434
122,1597282098.801481,410.4651162790698,3.4115738236884794,0.23287707283383324,0.0016919403497657748
122,1597282124.598935,410.25,2.9375,1.2804652963365828,0.020041976995956674
122,1597282098.812787,410.3181818181818,3.1714876033057853,0.2290176735367886,0.001686702105602088
122,1597282123.411591,411.6666666666667,2.4444444444444446,1.2303788661956787,0.0427571296793019
122,1597282098.808517,410.8837209302326,3.870200108166576,0.23744949840364002,0.003138826158763399
122,1597282098.816693,410.7674418604651,1.8063818280151434,0.23651799701509021,0.0018477467768590215
122,1597282098.801736,410.48837209302326,3.1800973499188743,0.23488171327681767,0.0025284772585317853
122,1597282098.81373,410.77272727272725,3.857438016528926,0.22962814153626906,0.0020563291016399646
123,1597283663.448407,596.0,0.0,0.0,0.0
123,1597283995.620036,598.0,0.0,0.0,0.0
123,1597283283.962792,601.0,0.0,0.0,0.0
123,1597283386.033362,604.0,0.0,0.0,0.0
123,1597283953.235887,594.0,0.0,0.0,0.0
123,1597283195.835802,601.0,0.0,0.0,0.0
123,1597282124.386806,597.0,0.0,0.0,0.0
123,1597284469.554997,602.0,0.0,0.0,0.0
123,1597283002.503806,605.0,0.0,0.0,0.0
123,1597283489.026802,597.0,0.0,0.0,0.0
123,1597283048.414936,595.0,0.0,0.0,0.0
123,1597283477.114766,602.0,0.0,0.0,0.0
123,1597282986.838799,588.0,0.0,0.0,0.0
123,1597283430.982898,600.0,0.0,0.0,0.0
123,1597282875.36219,597.0,0.0,0.0,0.0
123,1597282660.718897,601.0,0.0,0.0,0.0
123,1597282110.000194,594.0,0.0,0.0,0.0
123,1597282980.6084,592.0,0.0,0.0,0.0
123,1597283266.442836,597.0,0.0,0.0,0.0
123,1597284039.102861,598.0,0.0,0.0,0.0
123,1597282755.758873,602.0,0.0,0.0,0.0
123,1597282119.567337,599.0,0.0,0.0,0.0
123,1597284317.059556,603.0,0.0,0.0,0.0
123,1597282964.548016,599.0,0.0,0.0,0.0
123,1597283987.029269,598.0,0.0,0.0,0.0
123,1597282877.827406,600.0,0.0,0.0,0.0
123,1597284050.538877,595.0,0.0,0.0,0.0
123,1597283493.450869,593.0,0.0,0.0,0.0
123,1597282820.366626,597.0,0.0,0.0,0.0
123,1597284045.91521,593.0,0.0,0.0,0.0
123,1597283487.523555,601.0,0.0,0.0,0.0
123,1597283388.25481,597.0,0.0,0.0,0.0
123,1597283041.766789,601.0,0.0,0.0,0.0
123,1597283439.974806,595.0,0.0,0.0,0.0
123,1597282427.003716,590.0,0.0,0.0,0.0
123,1597282794.698783,600.0,0.0,0.0,0.0
123,1597284280.113026,598.0,0.0,0.0,0.0
123,1597282622.163952,597.0,0.0,0.0,0.0
123,1597283603.052039,602.0,0.0,0.0,0.0
123,1597282635.364371,599.0,0.0,0.0,0.0
123,1597284039.790844,597.0,0.0,0.0,0.0
123,1597283522.051554,598.0,0.0,0.0,0.0
123,1597284270.198493,599.0,0.0,0.0,0.0
123,1597282830.682812,597.0,0.0,0.0,0.0
123,1597283406.954895,603.0,0.0,0.0,0.0
123,1597284069.914935,600.0,0.0,0.0,0.0
123,1597283026.310795,602.0,0.0,0.0,0.0
123,1597282615.356814,597.0,0.0,0.0,0.0
123,1597283193.794917,593.0,0.0,0.0,0.0
123,1597283157.358844,597.0,0.0,0.0,0.0
123,1597283532.520051,596.0,0.0,0.0,0.0
123,1597283264.202895,598.0,0.0,0.0,0.0
123,1597283524.634905,595.0,0.0,0.0,0.0
123,1597283043.81075,595.0,0.0,0.0,0.0
123,1597284227.487885,594.0,0.0,0.0,0.0
123,1597282961.383852,600.0,0.0,0.0,0.0
123,1597283259.856944,601.0,0.0,0.0,0.0
123,1597283381.771996,597.0,0.0,0.0,0.0
123,1597284184.825299,602.0,0.0,0.0,0.0
123,1597282133.841141,598.0,0.0,0.0,0.0
123,1597283015.212115,599.0,0.0,0.0,0.0
123,1597283279.427587,599.0,0.0,0.0,0.0
123,1597283735.391932,599.0,0.0,0.0,0.0
123,1597283399.488642,592.0,0.0,0.0,0.0
123,1597283046.766797,600.0,0.0,0.0,0.0
123,1597283531.230822,597.0,0.0,0.0,0.0
123,1597282683.74282,596.0,0.0,0.0,0.0
123,1597282796.374784,603.0,0.0,0.0,0.0
123,1597282587.666232,603.0,0.0,0.0,0.0
123,1597283443.094902,601.0,0.0,0.0,0.0
123,1597282886.990812,602.0,0.0,0.0,0.0
123,1597282715.383069,593.0,0.0,0.0,0.0
123,1597282858.754605,594.0,0.0,0.0,0.0
123,1597283404.846917,594.0,0.0,0.0,0.0
123,1597282121.780743,599.0,0.0,0.0,0.0
123,1597283808.167817,595.0,0.0,0.0,0.0
123,1597284009.284272,598.0,0.0,0.0,0.0
123,1597283466.026758,596.0,0.0,0.0,0.0
123,1597282882.4638,600.0,0.0,0.0,0.0
123,1597282633.102915,601.0,0.0,0.0,0.0
123,1597283168.290787,595.0,0.0,0.0,0.0
123,1597283975.968555,589.0,0.0,0.0,0.0
123,1597282995.226792,598.0,0.0,0.0,0.0
123,1597284217.179565,594.0,0.0,0.0,0.0
123,1597283160.43644,599.0,0.0,0.0,0.0
123,1597283959.578837,601.0,0.0,0.0,0.0
123,1597282654.758891,600.0,0.0,0.0,0.0
123,1597284243.247807,602.0,0.0,0.0,0.0
123,1597283426.418804,598.0,0.0,0.0,0.0
123,1597283684.725282,600.0,0.0,0.0,0.0
123,1597282121.995877,601.0,0.0,0.0,0.0
123,1597283008.627436,598.0,0.0,0.0,0.0
123,1597282497.129243,595.0,0.0,0.0,0.0
123,1597282991.646818,594.0,0.0,0.0,0.0
123,1597282907.666762,597.0,0.0,0.0,0.0
123,1597282120.139784,600.0,0.0,0.0,0.0
123,1597282624.414993,595.0,0.0,0.0,0.0
123,1597282677.082944,599.0,0.0,0.0,0.0
123,1597283377.9247,599.0,0.0,0.0,0.0
123,1597283315.092368,598.0,0.0,0.0,0.0
123,1597282869.503081,598.0,0.0,0.0,0.0
123,1597283075.844994,599.0,0.0,0.0,0.0
123,1597283126.666796,596.0,0.0,0.0,0.0
123,1597284299.036214,598.0,0.0,0.0,0.0
123,1597284261.957181,599.0,0.0,0.0,0.0
123,1597283486.187537,599.0,0.0,0.0,0.0
123,1597282905.447956,599.0,0.0,0.0,0.0
123,1597282637.102807,596.0,0.0,0.0,0.0
123,1597283032.798743,603.0,0.0,0.0,0.0
123,1597284073.647684,596.0,0.0,0.0,0.0
123,1597282704.079971,597.0,0.0,0.0,0.0
123,1597284023.758862,594.0,0.0,0.0,0.0
123,1597283169.770863,593.0,0.0,0.0,0.0
123,1597283058.363576,602.0,0.0,0.0,0.0
123,1597282608.482442,602.0,0.0,0.0,0.0
123,1597282706.830819,596.0,0.0,0.0,0.0
123,1597283223.054817,603.0,0.0,0.0,0.0
123,1597283234.347493,600.0,0.0,0.0,0.0
123,1597283010.627434,599.0,0.0,0.0,0.0
123,1597282883.066781,596.0,0.0,0.0,0.0
123,1597282628.066835,595.0,0.0,0.0,0.0
123,1597282169.947058,602.0,0.0,0.0,0.0
123,1597282803.302786,598.0,0.0,0.0,0.0
123,1597283051.258756,602.0,0.0,0.0,0.0
123,1597283611.862892,602.0,0.0,0.0,0.0
123,1597283403.15206,597.0,0.0,0.0,0.0
123,1597282112.295766,593.0,0.0,0.0,0.0
123,1597283526.646804,595.0,0.0,0.0,0.0
123,1597282808.562757,599.0,0.0,0.0,0.0
123,1597283123.655673,596.0,0.0,0.0,0.0
123,1597283280.787463,604.0,0.0,0.0,0.0
123,1597283390.588771,596.0,0.0,0.0,0.0
123,1597282951.574769,600.0,0.0,0.0,0.0
123,1597284042.107451,592.0,0.0,0.0,0.0
123,1597284517.95929,599.0,0.0,0.0,0.0
123,1597283250.302858,604.0,0.0,0.0,0.0
123,1597282955.387733,599.0,0.0,0.0,0.0
123,1597282841.759515,593.0,0.0,0.0,0.0
123,1597283443.770897,603.0,0.0,0.0,0.0
123,1597282105.706777,598.0,0.0,0.0,0.0
123,1597282114.873476,595.0,0.0,0.0,0.0
123,1597284034.41891,600.0,0.0,0.0,0.0
123,1597282672.503565,604.0,0.0,0.0,0.0
123,1597283191.306832,596.0,0.0,0.0,0.0
123,1597283182.650863,596.0,0.0,0.0,0.0
123,1597282840.483477,596.0,0.0,0.0,0.0
123,1597283535.726811,595.0,0.0,0.0,0.0
123,1597283221.278812,599.0,0.0,0.0,0.0
123,1597282898.182745,598.0,0.0,0.0,0.0
123,1597283258.342809,598.0,0.0,0.0,0.0
123,1597283794.389095,596.0,0.0,0.0,0.0
123,1597283510.926808,600.0,0.0,0.0,0.0
123,1597283454.884152,600.0,0.0,0.0,0.0
123,1597283941.52686,595.0,0.0,0.0,0.0
123,1597282632.454878,600.0,0.0,0.0,0.0
123,1597282649.570862,594.0,0.0,0.0,0.0
123,1597283201.815194,597.0,0.0,0.0,0.0
123,1597282835.891428,602.0,0.0,0.0,0.0
123,1597282798.090835,601.0,0.0,0.0,0.0
123,1597283071.23475,596.0,0.0,0.0,0.0
123,1597283470.514816,605.0,0.0,0.0,0.0
123,1597282120.368907,600.0,0.0,0.0,0.0
123,1597283410.291975,591.0,0.0,0.0,0.0
123,1597283165.214808,595.0,0.0,0.0,0.0
123,1597283638.894434,600.0,0.0,0.0,0.0
123,1597282613.767534,598.0,0.0,0.0,0.0
123,1597282844.962749,595.0,0.0,0.0,0.0
123,1597284451.229543,594.0,0.0,0.0,0.0
123,1597283973.689993,597.0,0.0,0.0,0.0
123,1597283062.035395,598.0,0.0,0.0,0.0
123,1597283000.260025,600.0,0.0,0.0,0.0
123,1597283022.322733,597.0,0.0,0.0,0.0
123,1597284060.055699,595.0,0.0,0.0,0.0
123,1597283286.586814,595.0,0.0,0.0,0.0
123,1597282902.750867,593.0,0.0,0.0,0.0
123,1597283149.298784,598.0,0.0,0.0,0.0
123,1597282387.292891,598.0,0.0,0.0,0.0
123,1597282807.178975,599.0,0.0,0.0,0.0
123,1597283391.526797,595.0,0.0,0.0,0.0
123,1597282948.563708,600.0,0.0,0.0,0.0
123,1597282163.607281,596.0,0.0,0.0,0.0
123,1597282958.290796,595.0,0.0,0.0,0.0
123,1597283171.516227,597.0,0.0,0.0,0.0
123,1597283396.810819,599.0,0.0,0.0,0.0
123,1597283131.930811,594.0,0.0,0.0,0.0
123,1597283327.679742,595.0,0.0,0.0,0.0
123,1597282846.95477,605.0,0.0,0.0,0.0
123,1597282666.513352,603.0,0.0,0.0,0.0
123,1597283214.706775,594.0,0.0,0.0,0.0
123,1597284165.908911,594.0,0.0,0.0,0.0
123,1597284402.940515,600.0,0.0,0.0,0.0
123,1597282984.314757,599.0,0.0,0.0,0.0
123,1597282112.04747,597.0,0.0,0.0,0.0
123,1597282904.786953,597.0,0.0,0.0,0.0
123,1597282691.336483,593.0,0.0,0.0,0.0
123,1597283196.482837,595.0,0.0,0.0,0.0
123,1597282176.648799,598.0,0.0,0.0,0.0
123,1597282373.835259,594.0,0.0,0.0,0.0
123,1597284066.906821,597.0,0.0,0.0,0.0
123,1597283033.442824,602.0,0.0,0.0,0.0
123,1597284173.16324,598.0,0.0,0.0,0.0
123,1597284507.049589,596.0,0.0,0.0,0.0
123,1597282983.650781,600.0,0.0,0.0,0.0
123,1597283180.087442,600.0,0.0,0.0,0.0
123,1597282967.146874,601.0,0.0,0.0,0.0
123,1597283457.309402,598.0,0.0,0.0,0.0
123,1597283237.507593,598.0,0.0,0.0,0.0
123,1597283072.57213,608.0,0.0,0.0,0.0
123,1597283890.091706,600.0,0.0,0.0,0.0
123,1597282718.42698,593.0,0.0,0.0,0.0
123,1597282111.51822,598.0,0.0,0.0,0.0
123,1597282270.639607,596.0,0.0,0.0,0.0
123,1597284388.11672,592.0,0.0,0.0,0.0
123,1597283037.33079,595.0,0.0,0.0,0.0
123,1597283463.978815,598.0,0.0,0.0,0.0
123,1597283785.646003,596.0,0.0,0.0,0.0
123,1597284074.331688,604.0,0.0,0.0,0.0
123,1597282626.094899,602.0,0.0,0.0,0.0
123,1597283323.462361,597.0,0.0,0.0,0.0
123,1597282849.834786,590.0,0.0,0.0,0.0
123,1597283124.534826,598.0,0.0,0.0,0.0
123,1597283011.259509,600.0,0.0,0.0,0.0
123,1597283044.446809,603.0,0.0,0.0,0.0
123,1597282332.335108,593.0,0.0,0.0,0.0
123,1597282783.30474,596.0,0.0,0.0,0.0
123,1597283187.6068,595.0,0.0,0.0,0.0
123,1597282671.819515,600.0,0.0,0.0,0.0
123,1597283990.234233,602.0,0.0,0.0,0.0
123,1597283038.646845,599.0,0.0,0.0,0.0
123,1597282809.192025,598.0,0.0,0.0,0.0
123,1597282170.405529,598.0,0.0,0.0,0.0
123,1597283255.322828,600.0,0.0,0.0,0.0
123,1597283198.747627,596.0,0.0,0.0,0.0
123,1597283162.95179,600.0,0.0,0.0,0.0
123,1597282885.268104,592.0,0.0,0.0,0.0
123,1597283716.659377,604.0,0.0,0.0,0.0
123,1597283475.162788,597.0,0.0,0.0,0.0
123,1597282838.810824,590.0,0.0,0.0,0.0
123,1597283151.346822,594.0,0.0,0.0,0.0
123,1597282989.462837,600.0,0.0,0.0,0.0
123,1597284202.035068,600.0,0.0,0.0,0.0
123,1597282368.146909,596.0,0.0,0.0,0.0
123,1597283024.562759,595.0,0.0,0.0,0.0
123,1597282900.198545,597.0,0.0,0.0,0.0
123,1597284477.6702,602.0,0.0,0.0,0.0
123,1597283444.587506,595.0,0.0,0.0,0.0
123,1597282655.410857,598.0,0.0,0.0,0.0
123,1597283898.033556,602.0,0.0,0.0,0.0
123,1597282312.520982,594.0,0.0,0.0,0.0
123,1597284045.280474,600.0,0.0,0.0,0.0
123,1597283324.431578,594.0,0.0,0.0,0.0
123,1597282646.53504,599.0,0.0,0.0,0.0
123,1597284055.302867,596.0,0.0,0.0,0.0
123,1597283146.706803,595.0,0.0,0.0,0.0
123,1597282800.079646,598.0,0.0,0.0,0.0
123,1597283078.52017,599.0,0.0,0.0,0.0
123,1597282144.444571,590.0,0.0,0.0,0.0
123,1597282694.23084,602.0,0.0,0.0,0.0
123,1597282973.12679,602.0,0.0,0.0,0.0
123,1597282825.510778,593.0,0.0,0.0,0.0
123,1597283271.062844,594.0,0.0,0.0,0.0
123,1597284513.36398,607.0,0.0,0.0,0.0
123,1597282762.755921,600.0,0.0,0.0,0.0
123,1597282581.981926,597.0,0.0,0.0,0.0
123,1597282115.200343,597.0,0.0,0.0,0.0
123,1597283030.862829,600.0,0.0,0.0,0.0
123,1597282115.925938,595.0,0.0,0.0,0.0
123,1597282569.654553,600.0,0.0,0.0,0.0
123,1597282702.454845,597.0,0.0,0.0,0.0
123,1597283016.483534,592.0,0.0,0.0,0.0
123,1597284356.655458,587.0,0.0,0.0,0.0
123,1597282639.862888,599.0,0.0,0.0,0.0
123,1597283624.583747,600.0,0.0,0.0,0.0
123,1597282561.419479,601.0,0.0,0.0,0.0
123,1597283538.338791,605.0,0.0,0.0,0.0
123,1597282592.439245,596.0,0.0,0.0,0.0
123,1597283631.904487,599.0,0.0,0.0,0.0
123,1597282616.147522,602.0,0.0,0.0,0.0
123,1597283748.604585,599.0,0.0,0.0,0.0
123,1597282880.44287,593.0,0.0,0.0,0.0
123,1597282854.319445,595.0,0.0,0.0,0.0
123,1597283452.890821,601.0,0.0,0.0,0.0
123,1597284522.358872,598.0,0.0,0.0,0.0
123,1597284221.750465,596.0,0.0,0.0,0.0
123,1597282713.602888,595.0,0.0,0.0,0.0
123,1597283021.642753,597.0,0.0,0.0,0.0
123,1597283129.664146,599.0,0.0,0.0,0.0
123,1597282827.76685,593.0,0.0,0.0,0.0
123,1597284037.059551,593.0,0.0,0.0,0.0
123,1597282684.579549,593.0,0.0,0.0,0.0
123,1597283211.910785,599.0,0.0,0.0,0.0
123,1597283488.203566,598.0,0.0,0.0,0.0
123,1597283248.578887,592.0,0.0,0.0,0.0
123,1597283817.183217,598.0,0.0,0.0,0.0
123,1597282778.868182,597.0,0.0,0.0,0.0
123,1597282110.590185,599.0,0.0,0.0,0.0
123,1597282862.630806,598.0,0.0,0.0,0.0
123,1597283654.423874,595.0,0.0,0.0,0.0
123,1597282856.046743,595.0,0.0,0.0,0.0
123,1597282802.599486,588.0,0.0,0.0,0.0
123,1597282455.95766,596.0,0.0,0.0,0.0
123,1597284395.035951,596.0,0.0,0.0,0.0
123,1597283019.626796,596.0,0.0,0.0,0.0
123,1597284062.07888,597.0,0.0,0.0,0.0
123,1597282821.150759,606.0,0.0,0.0,0.0
123,1597282529.366121,593.0,0.0,0.0,0.0
123,1597283241.894806,600.0,0.0,0.0,0.0
123,1597283074.07545,594.0,0.0,0.0,0.0
123,1597284210.775217,600.0,0.0,0.0,0.0
123,1597283134.990811,602.0,0.0,0.0,0.0
123,1597282842.415423,591.0,0.0,0.0,0.0
123,1597283919.197576,603.0,0.0,0.0,0.0
123,1597284132.230215,600.0,0.0,0.0,0.0
123,1597283135.674863,598.0,0.0,0.0,0.0
123,1597283520.099711,597.0,0.0,0.0,0.0
123,1597282761.946805,600.0,0.0,0.0,0.0
123,1597282135.215553,591.0,0.0,0.0,0.0
123,1597283073.262794,599.0,0.0,0.0,0.0
123,1597283765.119509,596.0,0.0,0.0,0.0
123,1597284199.041757,600.0,0.0,0.0,0.0
123,1597283270.21084,601.0,0.0,0.0,0.0
123,1597282129.541616,598.0,0.0,0.0,0.0
123,1597282699.442914,597.0,0.0,0.0,0.0
123,1597284003.083463,596.0,0.0,0.0,0.0
123,1597282816.826871,596.0,0.0,0.0,0.0
123,1597282627.418829,599.0,0.0,0.0,0.0
123,1597283947.532429,595.0,0.0,0.0,0.0
123,1597283207.166891,598.0,0.0,0.0,0.0
123,1597283062.806771,605.0,0.0,0.0,0.0
123,1597282966.490834,600.0,0.0,0.0,0.0
123,1597283277.750811,593.0,0.0,0.0,0.0
123,1597284267.265874,598.0,0.0,0.0,0.0
123,1597282110.467869,595.0,0.0,0.0,0.0
123,1597282971.23485,599.0,0.0,0.0,0.0
123,1597283179.419554,604.0,0.0,0.0,0.0
123,1597282853.524003,601.0,0.0,0.0,0.0
123,1597283878.720385,597.0,0.0,0.0,0.0
123,1597283582.393714,598.0,0.0,0.0,0.0
123,1597284068.34705,598.0,0.0,0.0,0.0
123,1597282409.059309,601.0,0.0,0.0,0.0
123,1597283692.830563,594.0,0.0,0.0,0.0
123,1597284445.678147,597.0,0.0,0.0,0.0
123,1597283755.919373,600.0,0.0,0.0,0.0
123,1597283006.938732,596.0,0.0,0.0,0.0
123,1597283422.878803,594.0,0.0,0.0,0.0
123,1597283259.030911,595.0,0.0,0.0,0.0
123,1597282125.029414,596.0,0.0,0.0,0.0
123,1597284424.784147,598.0,0.0,0.0,0.0
123,1597283180.874818,595.0,0.0,0.0,0.0
123,1597282146.305541,601.0,0.0,0.0,0.0
123,1597282641.603492,597.0,0.0,0.0,0.0
123,1597282177.248545,608.0,0.0,0.0,0.0
123,1597282619.142876,604.0,0.0,0.0,0.0
123,1597283508.994796,598.0,0.0,0.0,0.0
123,1597282811.678764,599.0,0.0,0.0,0.0
123,1597283185.334893,595.0,0.0,0.0,0.0
123,1597283931.129795,593.0,0.0,0.0,0.0
123,1597283768.304244,593.0,0.0,0.0,0.0
123,1597282643.586886,599.0,0.0,0.0,0.0
123,1597283999.483071,598.0,0.0,0.0,0.0
123,1597283261.522816,599.0,0.0,0.0,0.0
123,1597283060.155376,592.0,0.0,0.0,0.0
123,1597283423.754903,599.0,0.0,0.0,0.0
123,1597283203.318875,595.0,0.0,0.0,0.0
123,1597282110.224984,595.0,0.0,0.0,0.0
123,1597282628.855464,598.0,0.0,0.0,0.0
123,1597283690.133542,594.0,0.0,0.0,0.0
123,1597284076.611768,599.0,0.0,0.0,0.0
123,1597284306.87615,601.0,0.0,0.0,0.0
123,1597282659.35615,597.0,0.0,0.0,0.0
123,1597282977.654766,599.0,0.0,0.0,0.0
123,1597283998.595508,597.0,0.0,0.0,0.0
123,1597283516.104228,602.0,0.0,0.0,0.0
123,1597283275.435591,600.0,0.0,0.0,0.0
123,1597282901.014917,601.0,0.0,0.0,0.0
123,1597282110.53671,603.0,0.0,0.0,0.0
123,1597282630.586732,596.0,0.0,0.0,0.0
123,1597283144.726763,598.0,0.0,0.0,0.0
123,1597282254.406631,602.0,0.0,0.0,0.0
123,1597284290.662338,603.0,0.0,0.0,0.0
123,1597284022.24042,598.0,0.0,0.0,0.0
123,1597283479.559552,599.0,0.0,0.0,0.0
123,1597282956.067427,596.0,0.0,0.0,0.0
123,1597282894.112121,594.0,0.0,0.0,0.0
123,1597284358.969861,599.0,0.0,0.0,0.0
123,1597282891.458809,595.0,0.0,0.0,0.0
123,1597283537.638633,603.0,0.0,0.0,0.0
123,1597284458.451883,597.0,0.0,0.0,0.0
123,1597284046.722935,601.0,0.0,0.0,0.0
123,1597283190.630838,595.0,0.0,0.0,0.0
123,1597283465.350795,597.0,0.0,0.0,0.0
123,1597283505.006831,599.0,0.0,0.0,0.0
123,1597283484.430827,604.0,0.0,0.0,0.0
123,1597282697.34281,596.0,0.0,0.0,0.0
123,1597283320.299896,596.0,0.0,0.0,0.0
123,1597283704.747865,597.0,0.0,0.0,0.0
123,1597283522.822874,597.0,0.0,0.0,0.0
123,1597282689.054851,592.0,0.0,0.0,0.0
123,1597282120.013658,599.0,0.0,0.0,0.0
123,1597283529.498765,591.0,0.0,0.0,0.0
123,1597282878.666933,601.0,0.0,0.0,0.0
123,1597282109.20853,603.0,0.0,0.0,0.0
123,1597283646.170476,600.0,0.0,0.0,0.0
123,1597283006.194769,606.0,0.0,0.0,0.0
123,1597283428.454845,595.0,0.0,0.0,0.0
123,1597283200.498872,602.0,0.0,0.0,0.0
123,1597284010.202803,602.0,0.0,0.0,0.0
123,1597284178.990676,597.0,0.0,0.0,0.0
123,1597282694.822842,602.0,0.0,0.0,0.0
123,1597282852.890754,594.0,0.0,0.0,0.0
123,1597283054.931368,598.0,0.0,0.0,0.0
123,1597282539.559577,598.0,0.0,0.0,0.0
123,1597283533.971399,599.0,0.0,0.0,0.0
123,1597282105.791093,600.0,0.0,0.0,0.0
123,1597283448.230974,596.0,0.0,0.0,0.0
123,1597282139.194786,601.0,0.0,0.0,0.0
123,1597282769.022712,596.0,0.0,0.0,0.0
123,1597282290.829725,595.0,0.0,0.0,0.0
123,1597282596.878946,597.0,0.0,0.0,0.0
123,1597282143.892295,597.0,0.0,0.0,0.0
123,1597282870.339087,593.0,0.0,0.0,0.0
123,1597284135.216047,594.0,0.0,0.0,0.0
123,1597283174.099511,596.0,0.0,0.0,0.0
123,1597283027.658739,597.0,0.0,0.0,0.0
123,1597283409.442817,590.0,0.0,0.0,0.0
123,1597282797.128753,595.0,0.0,0.0,0.0
123,1597283239.222795,591.0,0.0,0.0,0.0
123,1597282128.538837,597.0,0.0,0.0,0.0
123,1597283224.402948,598.0,0.0,0.0,0.0
123,1597283213.884099,597.0,0.0,0.0,0.0
123,1597282109.171898,603.0,0.0,0.0,0.0
123,1597283666.490625,592.0,0.0,0.0,0.0
123,1597282705.41583,596.0,0.0,0.0,0.0
123,1597284012.354801,593.0,0.0,0.0,0.0
123,1597282648.282861,595.0,0.0,0.0,0.0
123,1597283232.574837,592.0,0.0,0.0,0.0
123,1597284032.202944,599.0,0.0,0.0,0.0
123,1597282717.550897,599.0,0.0,0.0,0.0
123,1597282692.950861,603.0,0.0,0.0,0.0
123,1597282858.110607,599.0,0.0,0.0,0.0
123,1597282478.219504,593.0,0.0,0.0,0.0
123,1597284058.226941,598.0,0.0,0.0,0.0
123,1597283413.114817,596.0,0.0,0.0,0.0
123,1597282716.862934,600.0,0.0,0.0,0.0
123,1597283533.14677,604.0,0.0,0.0,0.0
123,1597282832.074748,596.0,0.0,0.0,0.0
123,1597282661.354849,599.0,0.0,0.0,0.0
123,1597283497.882829,595.0,0.0,0.0,0.0
123,1597282775.266754,601.0,0.0,0.0,0.0
123,1597282149.635889,594.0,0.0,0.0,0.0
123,1597283500.594816,599.0,0.0,0.0,0.0
123,1597284125.889944,596.0,0.0,0.0,0.0
123,1597282621.534941,596.0,0.0,0.0,0.0
123,1597283420.490795,597.0,0.0,0.0,0.0
123,1597282362.217473,596.0,0.0,0.0,0.0
123,1597283591.9616,598.0,0.0,0.0,0.0
123,1597283077.782773,598.0,0.0,0.0,0.0
123,1597284043.918951,603.0,0.0,0.0,0.0
123,1597284191.979226,594.0,0.0,0.0,0.0
123,1597282639.066858,594.0,0.0,0.0,0.0
123,1597283499.162913,594.0,0.0,0.0,0.0
123,1597283136.439526,595.0,0.0,0.0,0.0
123,1597282809.956052,601.0,0.0,0.0,0.0
123,1597284499.60528,601.0,0.0,0.0,0.0
123,1597282831.298782,598.0,0.0,0.0,0.0
123,1597283156.007514,602.0,0.0,0.0,0.0
123,1597282950.107562,595.0,0.0,0.0,0.0
123,1597282776.094872,596.0,0.0,0.0,0.0
123,1597282824.846747,596.0,0.0,0.0,0.0
123,1597282962.04744,600.0,0.0,0.0,0.0
123,1597282129.220545,598.0,0.0,0.0,0.0
123,1597284028.219809,599.0,0.0,0.0,0.0
123,1597282665.811501,600.0,0.0,0.0,0.0
123,1597282829.458741,600.0,0.0,0.0,0.0
123,1597282805.451906,598.0,0.0,0.0,0.0
123,1597283791.404731,596.0,0.0,0.0,0.0
123,1597283173.475543,597.0,0.0,0.0,0.0
123,1597283641.795112,591.0,0.0,0.0,0.0
123,1597283285.927722,596.0,0.0,0.0,0.0
123,1597283218.402905,601.0,0.0,0.0,0.0
123,1597283434.020089,598.0,0.0,0.0,0.0
123,1597283511.752162,601.0,0.0,0.0,0.0
123,1597283992.980112,599.0,0.0,0.0,0.0
123,1597283178.051451,597.0,0.0,0.0,0.0
123,1597283504.354824,596.0,0.0,0.0,0.0
123,1597282847.638588,603.0,0.0,0.0,0.0
123,1597282711.250913,601.0,0.0,0.0,0.0
123,1597282975.650805,599.0,0.0,0.0,0.0
123,1597282670.487521,595.0,0.0,0.0,0.0
123,1597283039.306719,597.0,0.0,0.0,0.0
123,1597284035.311731,596.0,0.0,0.0,0.0
123,1597284440.055833,590.0,0.0,0.0,0.0
123,1597283247.134846,598.0,0.0,0.0,0.0
123,1597284332.773465,599.0,0.0,0.0,0.0
123,1597284362.162566,592.0,0.0,0.0,0.0
123,1597284022.927627,600.0,0.0,0.0,0.0
123,1597282722.843536,604.0,0.0,0.0,0.0
123,1597282893.466782,597.0,0.0,0.0,0.0
123,1597282982.310809,595.0,0.0,0.0,0.0
123,1597282769.814725,599.0,0.0,0.0,0.0
123,1597283142.923499,596.0,0.0,0.0,0.0
123,1597282265.856103,600.0,0.0,0.0,0.0
123,1597283146.070828,598.0,0.0,0.0,0.0
123,1597282953.287385,599.0,0.0,0.0,0.0
123,1597283451.163501,601.0,0.0,0.0,0.0
123,1597283595.224511,595.0,0.0,0.0,0.0
123,1597282651.042859,593.0,0.0,0.0,0.0
123,1597282464.239664,598.0,0.0,0.0,0.0
123,1597282673.347396,599.0,0.0,0.0,0.0
123,1597283401.622799,595.0,0.0,0.0,0.0
123,1597282550.545137,598.0,0.0,0.0,0.0
123,1597283499.806837,598.0,0.0,0.0,0.0
123,1597282863.970758,602.0,0.0,0.0,0.0
123,1597282993.294797,598.0,0.0,0.0,0.0
123,1597283466.846768,592.0,0.0,0.0,0.0
123,1597283140.734803,598.0,0.0,0.0,0.0
123,1597283069.510817,592.0,0.0,0.0,0.0
123,1597282988.794789,604.0,0.0,0.0,0.0
123,1597282999.642824,595.0,0.0,0.0,0.0
123,1597282973.967488,599.0,0.0,0.0,0.0
123,1597283833.05233,600.0,0.0,0.0,0.0
123,1597282960.043521,598.0,0.0,0.0,0.0
123,1597282515.223834,598.0,0.0,0.0,0.0
123,1597282109.167617,601.0,0.0,0.0,0.0
123,1597283229.65956,600.0,0.0,0.0,0.0
123,1597282126.051753,596.0,0.0,0.0,0.0
123,1597282725.158851,599.0,0.0,0.0,0.0
123,1597282877.145524,604.0,0.0,0.0,0.0
123,1597284520.196154,599.0,0.0,0.0,0.0
123,1597284467.145185,599.0,0.0,0.0,0.0
123,1597282708.605107,600.0,0.0,0.0,0.0
123,1597284014.842934,595.0,0.0,0.0,0.0
123,1597283852.891185,601.0,0.0,0.0,0.0
123,1597282792.567104,598.0,0.0,0.0,0.0
123,1597284048.406898,594.0,0.0,0.0,0.0
123,1597283166.97884,591.0,0.0,0.0,0.0
123,1597282492.456632,600.0,0.0,0.0,0.0
123,1597283540.623475,594.0,0.0,0.0,0.0
123,1597284524.388322,594.0,0.0,0.0,0.0
123,1597282115.288977,597.0,0.0,0.0,0.0
123,1597283154.230833,596.0,0.0,0.0,0.0
123,1597282757.518833,592.0,0.0,0.0,0.0
123,1597283017.8948,599.0,0.0,0.0,0.0
123,1597283128.998779,591.0,0.0,0.0,0.0
123,1597282109.552492,596.0,0.0,0.0,0.0
123,1597283495.969699,598.0,0.0,0.0,0.0
123,1597284071.60353,597.0,0.0,0.0,0.0
123,1597282652.764052,594.0,0.0,0.0,0.0
123,1597283798.212527,597.0,0.0,0.0,0.0
123,1597282789.82452,596.0,0.0,0.0,0.0
123,1597283842.528773,599.0,0.0,0.0,0.0
123,1597284234.726488,590.0,0.0,0.0,0.0
123,1597284015.659937,598.0,0.0,0.0,0.0
123,1597283849.874852,598.0,0.0,0.0,0.0
123,1597283225.898858,602.0,0.0,0.0,0.0
123,1597283490.782891,603.0,0.0,0.0,0.0
123,1597283403.928424,599.0,0.0,0.0,0.0
123,1597282657.65086,591.0,0.0,0.0,0.0
123,1597282706.024039,603.0,0.0,0.0,0.0
123,1597284448.127473,603.0,0.0,0.0,0.0
123,1597283515.451484,595.0,0.0,0.0,0.0
123,1597283210.114831,600.0,0.0,0.0,0.0
123,1597283256.998808,598.0,0.0,0.0,0.0
123,1597282860.916831,599.0,0.0,0.0,0.0
123,1597283004.190762,596.0,0.0,0.0,0.0
123,1597282105.769969,598.0,0.0,0.0,0.0
123,1597282686.384115,595.0,0.0,0.0,0.0
123,1597282819.706776,592.0,0.0,0.0,0.0
123,1597282873.099165,599.0,0.0,0.0,0.0
123,1597282108.778745,596.0,0.0,0.0,0.0
123,1597282110.64612,596.0,0.0,0.0,0.0
123,1597282818.422909,596.0,0.0,0.0,0.0
123,1597284056.658901,601.0,0.0,0.0,0.0
123,1597282161.218349,601.0,0.0,0.0,0.0
123,1597283713.448933,592.0,0.0,0.0,0.0
123,1597282111.522228,593.0,0.0,0.0,0.0
123,1597283476.446804,598.0,0.0,0.0,0.0
123,1597282105.782135,601.0,0.0,0.0,0.0
123,1597282996.03474,595.0,0.0,0.0,0.0
123,1597282822.878757,597.0,0.0,0.0,0.0
123,1597282720.191474,600.0,0.0,0.0,0.0
123,1597283244.159649,600.0,0.0,0.0,0.0
123,1597283676.179781,604.0,0.0,0.0,0.0
123,1597284323.752956,604.0,0.0,0.0,0.0
123,1597284488.942186,601.0,0.0,0.0,0.0
123,1597282772.83601,598.0,0.0,0.0,0.0
123,1597283454.250933,603.0,0.0,0.0,0.0
123,1597282544.262444,600.0,0.0,0.0,0.0
123,1597282115.533537,598.0,0.0,0.0,0.0
123,1597283955.944758,596.0,0.0,0.0,0.0
123,1597283028.350779,595.0,0.0,0.0,0.0
123,1597282132.572874,592.0,0.0,0.0,0.0
123,1597282115.138577,601.0,0.0,0.0,0.0
123,1597283282.154823,601.0,0.0,0.0,0.0
123,1597284311.970443,593.0,0.0,0.0,0.0
123,1597284224.106543,599.0,0.0,0.0,0.0
123,1597282851.618734,598.0,0.0,0.0,0.0
123,1597282115.841702,594.0,0.0,0.0,0.0
123,1597284020.664017,595.0,0.0,0.0,0.0
123,1597283481.520143,597.0,0.0,0.0,0.0
123,1597282759.574867,594.0,0.0,0.0,0.0
123,1597282756.583936,601.0,0.0,0.0,0.0
123,1597283202.502879,597.0,0.0,0.0,0.0
123,1597284145.712892,598.0,0.0,0.0,0.0
123,1597283192.091438,597.0,0.0,0.0,0.0
123,1597282681.707002,592.0,0.0,0.0,0.0
123,1597284377.139966,596.0,0.0,0.0,0.0
123,1597284051.246939,599.0,0.0,0.0,0.0
123,1597282722.207514,598.0,0.0,0.0,0.0
123,1597283416.766783,596.0,0.0,0.0,0.0
123,1597284273.074773,597.0,0.0,0.0,0.0
123,1597282123.127656,597.0,0.0,0.0,0.0
123,1597283588.302493,595.0,0.0,0.0,0.0
123,1597283080.783347,603.0,0.0,0.0,0.0
123,1597283906.693484,597.0,0.0,0.0,0.0
123,1597283441.802794,593.0,0.0,0.0,0.0
123,1597282978.318707,599.0,0.0,0.0,0.0
123,1597283459.318792,601.0,0.0,0.0,0.0
123,1597283263.536167,597.0,0.0,0.0,0.0
123,1597282116.178015,595.0,0.0,0.0,0.0
123,1597284433.655007,602.0,0.0,0.0,0.0
123,1597283184.6641,605.0,0.0,0.0,0.0
123,1597284153.73727,598.0,0.0,0.0,0.0
123,1597284422.484598,603.0,0.0,0.0,0.0
123,1597284379.706715,598.0,0.0,0.0,0.0
123,1597282814.5588,597.0,0.0,0.0,0.0
123,1597283471.178808,597.0,0.0,0.0,0.0
123,1597282105.728354,597.0,0.0,0.0,0.0
123,1597283236.698846,594.0,0.0,0.0,0.0
123,1597283151.990765,600.0,0.0,0.0,0.0
123,1597284400.586647,598.0,0.0,0.0,0.0
123,1597283230.305226,595.0,0.0,0.0,0.0
123,1597283158.018842,599.0,0.0,0.0,0.0
123,1597282112.008099,599.0,0.0,0.0,0.0
123,1597282836.523399,596.0,0.0,0.0,0.0
123,1597283205.130889,596.0,0.0,0.0,0.0
123,1597284030.498775,592.0,0.0,0.0,0.0
123,1597282788.999444,597.0,0.0,0.0,0.0
123,1597282650.230841,602.0,0.0,0.0,0.0
123,1597282867.095017,592.0,0.0,0.0,0.0
123,1597284053.582834,599.0,0.0,0.0,0.0
123,1597283272.77953,591.0,0.0,0.0,0.0
123,1597283393.547922,592.0,0.0,0.0,0.0
123,1597283614.694247,594.0,0.0,0.0,0.0
123,1597283418.446858,591.0,0.0,0.0,0.0
123,1597283455.646819,599.0,0.0,0.0,0.0
123,1597283140.066805,600.0,0.0,0.0,0.0
123,1597283396.030824,600.0,0.0,0.0,0.0
123,1597283726.811451,599.0,0.0,0.0,0.0
123,1597282994.562816,599.0,0.0,0.0,0.0
123,1597283448.898804,594.0,0.0,0.0,0.0
123,1597282677.754868,598.0,0.0,0.0,0.0
123,1597283168.930803,596.0,0.0,0.0,0.0
123,1597282668.774846,598.0,0.0,0.0,0.0
123,1597282110.128343,602.0,0.0,0.0,0.0
123,1597284033.658934,599.0,0.0,0.0,0.0
123,1597284018.538828,598.0,0.0,0.0,0.0
123,1597283502.370813,599.0,0.0,0.0,0.0
123,1597282277.477443,600.0,0.0,0.0,0.0
123,1597283064.526792,599.0,0.0,0.0,0.0
123,1597283013.498809,601.0,0.0,0.0,0.0
123,1597283389.806825,601.0,0.0,0.0,0.0
123,1597282112.435703,595.0,0.0,0.0,0.0
123,1597282662.13486,593.0,0.0,0.0,0.0
123,1597283176.354837,596.0,0.0,0.0,0.0
123,1597283252.342785,595.0,0.0,0.0,0.0
123,1597284351.019424,594.0,0.0,0.0,0.0
123,1597283017.147436,600.0,0.0,0.0,0.0
123,1597283138.124074,594.0,0.0,0.0,0.0
123,1597282889.732051,596.0,0.0,0.0,0.0
123,1597283029.139461,597.0,0.0,0.0,0.0
123,1597284369.46034,601.0,0.0,0.0,0.0
123,1597284314.100292,599.0,0.0,0.0,0.0
123,1597282109.29203,603.0,0.0,0.0,0.0
123,1597282663.851483,595.0,0.0,0.0,0.0
123,1597282124.955449,597.0,0.0,0.0,0.0
123,1597284255.288393,594.0,0.0,0.0,0.0
123,1597284181.571874,597.0,0.0,0.0,0.0
123,1597282572.459483,596.0,0.0,0.0,0.0
123,1597283213.214808,597.0,0.0,0.0,0.0
123,1597282594.598578,601.0,0.0,0.0,0.0
123,1597283513.543464,599.0,0.0,0.0,0.0
123,1597282110.928473,596.0,0.0,0.0,0.0
123,1597282985.094789,600.0,0.0,0.0,0.0
123,1597282813.874779,597.0,0.0,0.0,0.0
123,1597283052.962786,597.0,0.0,0.0,0.0
123,1597282112.163982,594.0,0.0,0.0,0.0
123,1597282105.707075,596.0,0.0,0.0,0.0
123,1597284138.362608,596.0,0.0,0.0,0.0
123,1597282782.507968,600.0,0.0,0.0,0.0
123,1597282404.383708,602.0,0.0,0.0,0.0
123,1597283207.82684,595.0,0.0,0.0,0.0
123,1597283316.876074,595.0,0.0,0.0,0.0
123,1597283903.664289,601.0,0.0,0.0,0.0
123,1597283518.338878,599.0,0.0,0.0,0.0
123,1597282865.394763,604.0,0.0,0.0,0.0
123,1597282307.032361,597.0,0.0,0.0,0.0
123,1597284005.853129,596.0,0.0,0.0,0.0
123,1597283253.046839,598.0,0.0,0.0,0.0
123,1597282997.678928,599.0,0.0,0.0,0.0
123,1597284008.076009,594.0,0.0,0.0,0.0
123,1597283415.194858,599.0,0.0,0.0,0.0
123,1597282121.442718,593.0,0.0,0.0,0.0
123,1597283245.8508,597.0,0.0,0.0,0.0
123,1597283382.759599,606.0,0.0,0.0,0.0
123,1597284156.568433,596.0,0.0,0.0,0.0
123,1597283067.178786,596.0,0.0,0.0,0.0
123,1597282109.255097,603.0,0.0,0.0,0.0
123,1597283473.422871,599.0,0.0,0.0,0.0
123,1597283521.455534,593.0,0.0,0.0,0.0
123,1597282129.680304,595.0,0.0,0.0,0.0
123,1597283492.778812,598.0,0.0,0.0,0.0
123,1597282833.807448,593.0,0.0,0.0,0.0
123,1597282710.578872,593.0,0.0,0.0,0.0
123,1597283241.222803,597.0,0.0,0.0,0.0
123,1597282888.31079,594.0,0.0,0.0,0.0
123,1597282683.086906,599.0,0.0,0.0,0.0
123,1597283966.617057,593.0,0.0,0.0,0.0
123,1597282111.645262,593.0,0.0,0.0,0.0
123,1597283121.214772,599.0,0.0,0.0,0.0
123,1597282864.662746,602.0,0.0,0.0,0.0
123,1597282127.73289,592.0,0.0,0.0,0.0
123,1597282109.023282,600.0,0.0,0.0,0.0
123,1597283050.450836,600.0,0.0,0.0,0.0
123,1597282770.758759,599.0,0.0,0.0,0.0
123,1597282644.258866,593.0,0.0,0.0,0.0
123,1597283049.726818,592.0,0.0,0.0,0.0
123,1597284344.341183,602.0,0.0,0.0,0.0
123,1597283460.006905,595.0,0.0,0.0,0.0
123,1597284335.218481,600.0,0.0,0.0,0.0
123,1597283247.778864,596.0,0.0,0.0,0.0
123,1597283274.779563,597.0,0.0,0.0,0.0
123,1597283268.194825,604.0,0.0,0.0,0.0
123,1597282972.472089,597.0,0.0,0.0,0.0
123,1597283468.522777,601.0,0.0,0.0,0.0
123,1597283436.542898,593.0,0.0,0.0,0.0
123,1597284065.142754,596.0,0.0,0.0,0.0
123,1597282843.212026,596.0,0.0,0.0,0.0
123,1597282695.590844,600.0,0.0,0.0,0.0
123,1597282120.373342,601.0,0.0,0.0,0.0
123,1597283477.862794,603.0,0.0,0.0,0.0
123,1597284069.050956,599.0,0.0,0.0,0.0
123,1597283269.514876,602.0,0.0,0.0,0.0
123,1597282121.777895,595.0,0.0,0.0,0.0
123,1597282950.818774,599.0,0.0,0.0,0.0
123,1597283820.368763,601.0,0.0,0.0,0.0
123,1597284491.414419,599.0,0.0,0.0,0.0
123,1597282441.761667,596.0,0.0,0.0,0.0
123,1597282700.134867,598.0,0.0,0.0,0.0
123,1597283437.334946,595.0,0.0,0.0,0.0
123,1597283055.663725,592.0,0.0,0.0,0.0
123,1597283856.453169,595.0,0.0,0.0,0.0
123,1597283510.2828,593.0,0.0,0.0,0.0
123,1597283740.805906,593.0,0.0,0.0,0.0
123,1597283122.826841,596.0,0.0,0.0,0.0
123,1597282688.394867,595.0,0.0,0.0,0.0
123,1597283430.182972,596.0,0.0,0.0,0.0
123,1597284062.832519,597.0,0.0,0.0,0.0
123,1597284406.296729,600.0,0.0,0.0,0.0
123,1597283777.984064,597.0,0.0,0.0,0.0
123,1597283035.655492,590.0,0.0,0.0,0.0
123,1597283991.728981,595.0,0.0,0.0,0.0
123,1597283744.207696,600.0,0.0,0.0,0.0
123,1597282784.34675,599.0,0.0,0.0,0.0
123,1597282786.503422,597.0,0.0,0.0,0.0
123,1597283417.530783,599.0,0.0,0.0,0.0
123,1597282780.955941,597.0,0.0,0.0,0.0
123,1597283527.286847,598.0,0.0,0.0,0.0
123,1597282120.353442,597.0,0.0,0.0,0.0
123,1597284288.187239,596.0,0.0,0.0,0.0
123,1597283446.302804,596.0,0.0,0.0,0.0
123,1597283281.392425,598.0,0.0,0.0,0.0
123,1597283219.074854,597.0,0.0,0.0,0.0
123,1597284027.536128,599.0,0.0,0.0,0.0
123,1597282105.804045,601.0,0.0,0.0,0.0
123,1597283927.639781,599.0,0.0,0.0,0.0
123,1597282611.68686,598.0,0.0,0.0,0.0
123,1597282607.156341,601.0,0.0,0.0,0.0
123,1597283227.679647,594.0,0.0,0.0,0.0
123,1597282767.426728,602.0,0.0,0.0,0.0
123,1597283005.554913,594.0,0.0,0.0,0.0
123,1597282675.09639,594.0,0.0,0.0,0.0
123,1597283225.058917,597.0,0.0,0.0,0.0
123,1597282105.804062,597.0,0.0,0.0,0.0
123,1597282679.958898,597.0,0.0,0.0,0.0
123,1597282617.165438,598.0,0.0,0.0,0.0
123,1597283061.408967,597.0,0.0,0.0,0.0
123,1597282888.930822,601.0,0.0,0.0,0.0
123,1597282754.055424,592.0,0.0,0.0,0.0
123,1597283189.28278,602.0,0.0,0.0,0.0
123,1597283162.352574,595.0,0.0,0.0,0.0
123,1597283910.268497,590.0,0.0,0.0,0.0
123,1597284413.54799,599.0,0.0,0.0,0.0
123,1597284245.708606,597.0,0.0,0.0,0.0
123,1597284521.101262,601.0,0.0,0.0,0.0
123,1597282119.074464,597.0,0.0,0.0,0.0
123,1597283507.290806,597.0,0.0,0.0,0.0
123,1597284057.355008,596.0,0.0,0.0,0.0
123,1597283864.829197,597.0,0.0,0.0,0.0
123,1597282451.436126,595.0,0.0,0.0,0.0
123,1597282638.402861,598.0,0.0,0.0,0.0
123,1597284483.924535,598.0,0.0,0.0,0.0
123,1597284493.887624,603.0,0.0,0.0,0.0
123,1597283158.842846,599.0,0.0,0.0,0.0
123,1597282345.647341,603.0,0.0,0.0,0.0
123,1597283982.888745,594.0,0.0,0.0,0.0
123,1597283696.687251,601.0,0.0,0.0,0.0
123,1597283235.987643,599.0,0.0,0.0,0.0
123,1597283147.514831,605.0,0.0,0.0,0.0
123,1597282118.639923,597.0,0.0,0.0,0.0
123,1597282765.350843,598.0,0.0,0.0,0.0
123,1597283875.500341,592.0,0.0,0.0,0.0
123,1597282899.506804,597.0,0.0,0.0,0.0
123,1597283431.93945,597.0,0.0,0.0,0.0
123,1597282601.879375,595.0,0.0,0.0,0.0
123,1597282126.572167,597.0,0.0,0.0,0.0
123,1597284025.463044,597.0,0.0,0.0,0.0
123,1597282962.842738,602.0,0.0,0.0,0.0
123,1597283040.094767,598.0,0.0,0.0,0.0
123,1597283288.878798,593.0,0.0,0.0,0.0
123,1597282896.391778,599.0,0.0,0.0,0.0
123,1597283216.424528,599.0,0.0,0.0,0.0
123,1597283482.203449,596.0,0.0,0.0,0.0
123,1597283133.662862,601.0,0.0,0.0,0.0
123,1597282969.458797,602.0,0.0,0.0,0.0
123,1597283462.283913,594.0,0.0,0.0,0.0
123,1597283066.536069,598.0,0.0,0.0,0.0
123,1597284505.218561,599.0,0.0,0.0,0.0
123,1597282173.368468,594.0,0.0,0.0,0.0
129,1597282118.377098,713.4166666666666,0.7430555555555557,0.8505070859735663,0.06506330151365763
129,1597282117.796948,713.7142857142857,0.6326530612244897,0.7679910109593318,0.04724251776974731
129,1597282157.964295,712.5,4.75,2.5427050590515137,0.012216842384646043
135,1597282164.155697,152.0,0.0,0.0,0.0
135,1597282151.077592,153.0,0.0,0.0,0.0
135,1597282155.766153,163.0,0.0,0.0,0.0
135,1597282166.93373,160.0,0.0,0.0,0.0
135,1597282128.273217,159.0,0.0,0.0,0.0
136,1597282132.739289,893.0,0.0,0.0,0.0
136,1597282141.77751,909.0,0.0,0.0,0.0
136,1597282145.978231,905.0,0.0,0.0,0.0
136,1597282137.708881,907.0,0.0,0.0,0.0
136,1597282130.015417,896.0,0.0,0.0,0.0
136,1597282128.343139,901.0,0.0,0.0,0.0
136,1597282148.571918,912.0,0.0,0.0,0.0
136,1597282139.057304,906.0,0.0,0.0,0.0
136,1597282147.394178,902.0,0.0,0.0,0.0
138,1597284171.599385,794.0,0.0,0.0,0.0
138,1597282136.88771,794.5,2.25,6.806964874267578,0.0
138,1597282140.888856,801.0,0.0,0.0,0.0
138,1597282139.91649,793.0,1.0,8.524665832519531,0.0
138,1597282140.953934,790.0,0.0,0.0,0.0
138,1597282137.089822,793.0,0.0,0.0,0.0
138,1597282139.008863,795.0,0.0,0.0,0.0
138,1597282167.462289,787.0,0.0,0.0,0.0
138,1597282139.606949,793.0,4.0,7.854280948638916,0.0
138,1597282160.219277,794.0,0.0,0.0,0.0
138,1597282144.90514,792.0,0.0,0.0,0.0
138,1597283593.343999,797.0,0.0,0.0,0.0
138,1597282139.624841,793.0,0.0,0.0,0.0
138,1597282166.590031,793.0,0.0,0.0,0.0
138,1597282162.255527,790.0,0.0,0.0,0.0
138,1597282211.550604,795.0,0.0,0.0,0.0
138,1597283317.732889,793.0,0.0,0.0,0.0
138,1597282164.519438,793.0,0.0,0.0,0.0
138,1597282162.780062,798.0,0.0,0.0,0.0
138,1597282136.943414,796.5,6.25,9.725525140762329,0.0
138,1597282155.846888,789.0,0.0,0.0,0.0
138,1597283636.98378,792.0,0.0,0.0,0.0
138,1597284179.596501,791.0,0.0,0.0,0.0
138,1597282166.395695,799.0,0.0,0.0,0.0
138,1597282139.476715,795.5,20.25,8.252312898635864,0.0
138,1597282167.925769,791.0,0.0,0.0,0.0
138,1597282137.753173,787.0,0.0,0.0,0.0
138,1597282140.261398,793.0,0.0,0.0,0.0
138,1597282139.138189,795.5,2.25,7.812811851501465,0.0
138,1597283319.652109,796.0,0.0,0.0,0.0
138,1597283591.900347,796.0,0.0,0.0,0.0
138,1597282163.066962,793.0,0.0,0.0,0.0
138,1597282137.843899,796.5,0.25,7.112782955169678,0.0
138,1597282163.176453,795.0,0.0,0.0,0.0
138,1597284134.108306,790.0,0.0,0.0,0.0
138,1597282158.840005,793.0,0.0,0.0,0.0
138,1597283633.724197,790.0,0.0,0.0,0.0
138,1597283319.235196,795.0,0.0,0.0,0.0
138,1597282218.613158,794.0,0.0,0.0,0.0
138,1597282137.85151,795.5,6.25,7.688137054443359,0.0
138,1597284169.055581,797.0,0.0,0.0,0.0
138,1597282136.764301,793.0,0.0,7.563506841659546,0.0
138,1597284136.673714,797.0,0.0,0.0,0.0
138,1597282137.007375,793.0,0.0,0.0,0.0
138,1597282140.120002,798.0,9.0,8.15312385559082,0.0
138,1597284176.28904,789.0,0.0,0.0,0.0
138,1597284167.977839,794.0,0.0,0.0,0.0
138,1597282158.474842,791.0,0.0,0.0,0.0
138,1597283596.101858,799.0,0.0,0.0,0.0
138,1597282140.048782,795.0,0.0,0.0,0.0
138,1597282165.408738,795.0,0.0,0.0,0.0
138,1597282167.228273,796.0,0.0,0.0,0.0
138,1597284136.221269,796.0,0.0,0.0,0.0
138,1597282137.782035,792.0,0.0,0.0,0.0
138,1597282154.357968,794.0,0.0,0.0,0.0
138,1597282146.107687,798.0,0.0,0.0,0.0
138,1597284132.729225,791.0,0.0,0.0,0.0
138,1597282137.714098,795.0,0.0,0.0,0.0
138,1597282137.560754,795.5,12.25,6.8261120319366455,0.0
138,1597282214.143494,793.0,0.0,0.0,0.0
138,1597282136.853018,793.0,0.0,0.0,0.0
138,1597282164.196406,795.0,0.0,0.0,0.0
138,1597283318.189748,801.0,0.0,0.0,0.0
138,1597282143.475317,798.0,0.0,0.0,0.0
138,1597282136.830243,799.0,1.0,6.8515708446502686,0.0
138,1597284171.140285,795.0,0.0,0.0,0.0
138,1597282217.672099,790.0,0.0,0.0,0.0
138,1597284177.256957,796.0,0.0,0.0,0.0
138,1597282139.600674,796.0,0.0,0.0,0.0
138,1597282137.583903,796.0,0.0,0.0,0.0
138,1597282144.445279,796.0,0.0,0.0,0.0
138,1597283632.482998,797.0,0.0,0.0,0.0
138,1597282140.166496,797.0,0.0,0.0,0.0
138,1597282167.137142,794.0,0.0,0.0,0.0
138,1597283596.699695,793.0,0.0,0.0,0.0
138,1597284180.058557,790.0,0.0,0.0,0.0
138,1597282161.055186,792.0,0.0,0.0,0.0
138,1597282139.553828,795.5,0.25,8.30555510520935,0.0
138,1597283636.372212,796.0,0.0,0.0,0.0
138,1597282166.798113,790.0,0.0,0.0,0.0
140,1597284118.795402,498.0,0.0,0.0,0.0
140,1597284136.673922,508.0,0.0,0.0,0.0
140,1597283315.400714,519.0,0.0,0.0,0.0
140,1597282147.174849,529.0,0.0,0.0,0.0
140,1597282172.42275,511.0,0.0,0.0,0.0
140,1597282935.852204,520.0,0.0,0.0,0.0
140,1597284149.581124,512.0,0.0,0.0,0.0
140,1597282150.226931,522.0,0.0,0.0,0.0
140,1597282141.2545,514.0,0.0,0.0,0.0
140,1597282157.95247,502.0,0.0,0.0,0.0
140,1597282199.142607,517.0,0.0,0.0,0.0
140,1597283381.776336,510.0,0.0,0.0,0.0
140,1597282152.601501,510.0,0.0,0.0,0.0
140,1597283574.648466,524.0,0.0,0.0,0.0
140,1597283612.876595,515.0,0.0,0.0,0.0
140,1597283380.084006,526.0,0.0,0.0,0.0
140,1597283697.166958,518.0,0.0,0.0,0.0
140,1597282157.059087,514.0,0.0,0.0,0.0
140,1597282155.846698,518.0,0.0,0.0,0.0
140,1597284269.435309,510.0,0.0,0.0,0.0
140,1597282165.161917,524.0,0.0,0.0,0.0
140,1597282156.342212,521.0,0.0,0.0,0.0
140,1597283740.421442,516.0,0.0,0.0,0.0
140,1597283385.897706,510.0,0.0,0.0,0.0
140,1597283117.148125,517.0,0.0,0.0,0.0
140,1597283714.652529,519.0,0.0,0.0,0.0
140,1597282148.989114,512.0,0.0,0.0,0.0
140,1597283725.834344,519.0,0.0,0.0,0.0
140,1597283378.870395,515.0,0.0,0.0,0.0
140,1597283721.543399,511.0,0.0,0.0,0.0
140,1597283707.047335,515.0,0.0,0.0,0.0
140,1597282164.531911,505.0,0.0,0.0,0.0
140,1597283717.593348,519.0,0.0,0.0,0.0
140,1597282945.479922,513.0,0.0,0.0,0.0
140,1597283323.555849,519.0,0.0,0.0,0.0
140,1597282141.191318,528.0,0.0,0.0,0.0
140,1597283617.189247,527.0,0.0,0.0,0.0
140,1597283126.756024,510.0,0.0,0.0,0.0
140,1597282141.542005,525.0,0.0,0.0,0.0
140,1597282941.572057,523.0,0.0,0.0,0.0
140,1597282171.705011,511.0,0.0,0.0,0.0
140,1597283597.538461,515.0,0.0,0.0,0.0
140,1597284219.800911,509.0,0.0,0.0,0.0
140,1597282943.474828,522.0,0.0,0.0,0.0
140,1597283732.461178,513.0,0.0,0.0,0.0
140,1597283604.873081,511.0,0.0,0.0,0.0
140,1597284258.543197,524.0,0.0,0.0,0.0
140,1597283327.888252,520.0,0.0,0.0,0.0
140,1597282175.678747,529.0,0.0,0.0,0.0
140,1597282175.311187,517.0,0.0,0.0,0.0
140,1597282267.785611,514.0,0.0,0.0,0.0
140,1597282949.067498,517.0,0.0,0.0,0.0
140,1597282192.285817,511.0,0.0,0.0,0.0
140,1597282145.37096,518.0,0.0,0.0,0.0
140,1597284140.92546,515.0,0.0,0.0,0.0
140,1597283320.489287,520.0,0.0,0.0,0.0
140,1597283693.130962,507.0,0.0,0.0,0.0
140,1597284128.894861,524.0,0.0,0.0,0.0
140,1597284231.9658,513.0,0.0,0.0,0.0
140,1597282140.65608,516.0,0.0,0.0,0.0
140,1597282176.527618,519.0,0.0,0.0,0.0
140,1597282176.229492,518.0,0.0,0.0,0.0
140,1597283384.596273,521.0,0.0,0.0,0.0
140,1597284265.595544,509.0,0.0,0.0,0.0
140,1597282169.435896,509.0,0.0,0.0,0.0
140,1597282160.627244,510.0,0.0,0.0,0.0
140,1597284223.677199,517.0,0.0,0.0,0.0
140,1597282240.094311,514.0,0.0,0.0,0.0
140,1597282244.68284,505.0,0.0,0.0,0.0
140,1597282946.854871,513.0,0.0,0.0,0.0
140,1597284122.633133,516.0,0.0,0.0,0.0
140,1597282163.391647,515.0,0.0,0.0,0.0
140,1597283584.311492,512.0,0.0,0.0,0.0
140,1597283121.143954,507.0,0.0,0.0,0.0
140,1597283580.461512,515.0,0.0,0.0,0.0
140,1597282171.744073,522.0,0.0,0.0,0.0
140,1597283122.43488,511.0,0.0,0.0,0.0
140,1597283758.183467,516.0,0.0,0.0,0.0
140,1597282161.808606,505.0,0.0,0.0,0.0
140,1597282159.929708,516.0,0.0,0.0,0.0
140,1597284248.198409,508.0,0.0,0.0,0.0
140,1597282159.390818,507.0,0.0,0.0,0.0
140,1597282145.1191,507.0,0.0,0.0,0.0
140,1597282153.592444,510.0,0.0,0.0,0.0
140,1597283703.797122,501.0,0.0,0.0,0.0
140,1597283321.851203,522.0,0.0,0.0,0.0
140,1597282167.717809,529.0,0.0,0.0,0.0
140,1597282275.605763,505.0,0.0,0.0,0.0
140,1597282147.168064,513.0,0.0,0.0,0.0
140,1597283753.573039,511.0,0.0,0.0,0.0
140,1597283688.992116,509.0,0.0,0.0,0.0
140,1597282149.799549,521.0,0.0,0.0,0.0
140,1597282155.576202,522.0,0.0,0.0,0.0
140,1597284280.513421,517.0,0.0,0.0,0.0
140,1597282141.491899,507.0,0.0,0.0,0.0
140,1597282254.002227,503.0,0.0,0.0,0.0
140,1597282939.211881,505.0,0.0,0.0,0.0
140,1597282206.642045,525.0,0.0,0.0,0.0
140,1597282168.258707,506.0,0.0,0.0,0.0
140,1597283745.342736,513.0,0.0,0.0,0.0
140,1597283592.309353,511.0,0.0,0.0,0.0
140,1597282214.858007,521.0,0.0,0.0,0.0
140,1597284277.056253,526.0,0.0,0.0,0.0
140,1597282950.176019,513.0,0.0,0.0,0.0
140,1597282148.465741,515.0,0.0,0.0,0.0
140,1597284227.5662,511.0,0.0,0.0,0.0
140,1597284241.837152,509.0,0.0,0.0,0.0
140,1597282144.714469,532.0,0.0,0.0,0.0
140,1597282227.680543,517.0,0.0,0.0,0.0
140,1597283326.366375,513.0,0.0,0.0,0.0
140,1597282150.738769,504.0,0.0,0.0,0.0
140,1597283124.454948,520.0,0.0,0.0,0.0
140,1597283318.594794,522.0,0.0,0.0,0.0
140,1597282940.456022,509.0,0.0,0.0,0.0
140,1597283127.866783,501.0,0.0,0.0,0.0
140,1597283118.636118,525.0,0.0,0.0,0.0
140,1597282173.910014,510.0,0.0,0.0,0.0
140,1597282938.423074,505.0,0.0,0.0,0.0
140,1597282171.65767,525.0,0.0,0.0,0.0
140,1597282177.998087,504.0,0.0,0.0,0.0
140,1597283600.218547,502.0,0.0,0.0,0.0
140,1597283123.250866,513.0,0.0,0.0,0.0
140,1597284244.275337,516.0,0.0,0.0,0.0
140,1597284262.598385,509.0,0.0,0.0,0.0
140,1597284133.229726,514.0,0.0,0.0,0.0
140,1597284251.838726,493.0,0.0,0.0,0.0
140,1597284153.830441,528.0,0.0,0.0,0.0
140,1597283376.818732,522.0,0.0,0.0,0.0
140,1597284234.725345,510.0,0.0,0.0,0.0
140,1597282140.963911,509.0,0.0,0.0,0.0
140,1597283737.383378,506.0,0.0,0.0,0.0
140,1597282944.690902,509.0,0.0,0.0,0.0
140,1597282141.076153,494.0,0.0,0.0,0.0
140,1597282143.584408,518.0,0.0,0.0,0.0
140,1597283115.508147,522.0,0.0,0.0,0.0
141,1597284286.501733,594.0,0.0,0.0,0.0
141,1597284501.298668,588.0,0.0,0.0,0.0
141,1597282162.089476,584.0,0.0,0.0,0.0
141,1597284523.834767,581.0,0.0,0.0,0.0
141,1597282619.212088,588.0,0.0,0.0,0.0
141,1597282786.606779,595.0,0.0,0.0,0.0
141,1597282788.234833,589.0,0.0,0.0,0.0
141,1597282800.862736,585.0,0.0,0.0,0.0
141,1597283432.91082,584.0,0.0,0.0,0.0
141,1597283415.442844,590.0,0.0,0.0,0.0
141,1597284012.264007,588.0,0.0,0.0,0.0
141,1597282172.558898,601.0,0.0,0.0,0.0
141,1597283651.554328,595.0,0.0,0.0,0.0
141,1597284166.231323,585.0,0.0,0.0,0.0
141,1597284513.442839,584.0,0.0,0.0,0.0
141,1597284496.466821,590.0,0.0,0.0,0.0
141,1597283425.842813,590.0,0.0,0.0,0.0
141,1597283994.73066,575.0,0.0,0.0,0.0
141,1597282153.217303,572.0,0.0,0.0,0.0
141,1597283399.570767,584.0,0.0,0.0,0.0
141,1597282313.47023,590.0,0.0,0.0,0.0
141,1597284159.588001,580.0,0.0,0.0,0.0
141,1597284202.569136,581.0,0.0,0.0,0.0
141,1597282150.905718,592.0,0.0,0.0,0.0
141,1597283712.819938,604.0,0.0,0.0,0.0
141,1597284521.967948,575.0,0.0,0.0,0.0
141,1597284517.645075,596.0,0.0,0.0,0.0
141,1597282172.815491,583.0,0.0,0.0,0.0
141,1597283395.747109,589.0,0.0,0.0,0.0
141,1597284010.323837,579.0,0.0,0.0,0.0
141,1597284003.915839,584.0,0.0,0.0,0.0
141,1597282800.511534,588.0,0.0,0.0,0.0
141,1597284505.552861,582.0,0.0,0.0,0.0
141,1597282323.932535,593.0,0.0,0.0,0.0
141,1597283404.623509,587.0,0.0,0.0,0.0
141,1597282937.892656,586.0,0.0,0.0,0.0
141,1597284207.634642,596.0,0.0,0.0,0.0
141,1597283394.130799,601.0,0.0,0.0,0.0
141,1597282161.162404,587.0,0.0,0.0,0.0
141,1597282797.379441,595.0,0.0,0.0,0.0
141,1597284153.8274,589.0,0.0,0.0,0.0
141,1597284509.395835,586.0,0.0,0.0,0.0
141,1597282171.911772,587.0,0.0,0.0,0.0
141,1597282165.203976,590.0,0.0,0.0,0.0
141,1597284279.566437,584.0,0.0,0.0,0.0
141,1597282167.777517,582.0,0.0,0.0,0.0
141,1597284525.726774,579.0,0.0,0.0,0.0
141,1597283683.95949,583.0,0.0,0.0,0.0
141,1597284490.919449,593.0,0.0,0.0,0.0
141,1597284491.600275,593.0,0.0,0.0,0.0
141,1597282761.870809,602.0,0.0,0.0,0.0
141,1597283390.655851,575.0,0.0,0.0,0.0
141,1597283422.350809,587.0,0.0,0.0,0.0
141,1597283431.366837,591.0,0.0,0.0,0.0
141,1597282575.949643,596.0,0.0,0.0,0.0
141,1597282766.910865,591.0,0.0,0.0,0.0
141,1597283919.700218,601.0,0.0,0.0,0.0
141,1597282786.276104,586.0,0.0,0.0,0.0
141,1597282781.011877,581.0,0.0,0.0,0.0
141,1597283410.210826,596.0,0.0,0.0,0.0
141,1597282790.206753,590.0,0.0,0.0,0.0
141,1597282798.90346,589.0,0.0,0.0,0.0
141,1597282154.872847,588.0,0.0,0.0,0.0
141,1597284160.677324,583.0,0.0,0.0,0.0
141,1597283348.466856,580.0,0.0,0.0,0.0
141,1597284232.739724,590.0,0.0,0.0,0.0
141,1597283939.725678,599.0,0.0,0.0,0.0
141,1597283671.558287,589.0,0.0,0.0,0.0
141,1597282156.495786,586.0,0.0,0.0,0.0
141,1597282608.536353,582.0,0.0,0.0,0.0
141,1597283402.782846,589.0,0.0,0.0,0.0
141,1597284468.930565,598.0,0.0,0.0,0.0
141,1597282591.790368,593.0,0.0,0.0,0.0
141,1597282167.072761,595.0,0.0,0.0,0.0
141,1597282171.832295,583.0,0.0,0.0,0.0
141,1597283331.819343,596.0,0.0,0.0,0.0
141,1597283387.20283,595.0,0.0,0.0,0.0
141,1597284486.149596,590.0,0.0,0.0,0.0
141,1597282372.689391,595.0,0.0,0.0,0.0
141,1597283734.112277,586.0,0.0,0.0,0.0
141,1597283678.352625,585.0,0.0,0.0,0.0
141,1597283947.839011,595.0,0.0,0.0,0.0
141,1597282303.235274,585.0,0.0,0.0,0.0
141,1597283698.243699,586.0,0.0,0.0,0.0
141,1597283330.170768,567.0,0.0,0.0,0.0
141,1597284220.927324,590.0,0.0,0.0,0.0
141,1597282586.176813,574.0,0.0,0.0,0.0
141,1597283989.666143,587.0,0.0,0.0,0.0
141,1597284269.953911,584.0,0.0,0.0,0.0
141,1597282171.389367,590.0,0.0,0.0,0.0
141,1597283346.87574,596.0,0.0,0.0,0.0
141,1597283417.300048,585.0,0.0,0.0,0.0
141,1597283385.493514,602.0,0.0,0.0,0.0
141,1597283959.575965,581.0,0.0,0.0,0.0
141,1597283732.904157,591.0,0.0,0.0,0.0
141,1597283659.243123,591.0,0.0,0.0,0.0
141,1597283343.734884,591.0,0.0,0.0,0.0
141,1597282164.323535,587.0,0.0,0.0,0.0
141,1597282158.012021,584.0,0.0,0.0,0.0
141,1597282163.388927,589.0,0.0,0.0,0.0
141,1597283396.128098,587.0,0.0,0.0,0.0
141,1597283992.305318,590.0,0.0,0.0,0.0
141,1597282187.175274,572.0,0.0,0.0,0.0
141,1597283434.982855,597.0,0.0,0.0,0.0
141,1597282185.831378,592.0,0.0,0.0,0.0
141,1597282940.064768,577.0,0.0,0.0,0.0
141,1597283418.842799,600.0,0.0,0.0,0.0
141,1597283954.097068,589.0,0.0,0.0,0.0
141,1597284263.40416,594.0,0.0,0.0,0.0
141,1597284479.683496,598.0,0.0,0.0,0.0
141,1597282612.591514,588.0,0.0,0.0,0.0
141,1597284115.260603,594.0,0.0,0.0,0.0
141,1597282158.826362,575.0,0.0,0.0,0.0
141,1597283925.966259,592.0,0.0,0.0,0.0
141,1597282253.690656,594.0,0.0,0.0,0.0
141,1597283340.882868,590.0,0.0,0.0,0.0
141,1597284251.300107,600.0,0.0,0.0,0.0
141,1597284008.453805,578.0,0.0,0.0,0.0
141,1597282601.414677,598.0,0.0,0.0,0.0
141,1597282616.050866,576.0,0.0,0.0,0.0
141,1597283705.830559,584.0,0.0,0.0,0.0
141,1597283624.487894,579.0,0.0,0.0,0.0
141,1597284015.886825,597.0,0.0,0.0,0.0
141,1597284274.536478,587.0,0.0,0.0,0.0
141,1597282151.476742,580.0,0.0,0.0,0.0
141,1597282772.295471,593.0,0.0,0.0,0.0
141,1597283429.403655,597.0,0.0,0.0,0.0
141,1597282325.811748,582.0,0.0,0.0,0.0
141,1597282276.938196,589.0,0.0,0.0,0.0
141,1597283982.043803,588.0,0.0,0.0,0.0
141,1597284001.62009,588.0,0.0,0.0,0.0
141,1597283934.405534,595.0,0.0,0.0,0.0
141,1597283623.362139,594.0,0.0,0.0,0.0
141,1597283996.763776,594.0,0.0,0.0,0.0
141,1597282802.518775,595.0,0.0,0.0,0.0
141,1597283348.205196,588.0,0.0,0.0,0.0
141,1597284011.970745,595.0,0.0,0.0,0.0
141,1597284509.978967,606.0,0.0,0.0,0.0
141,1597282153.824619,591.0,0.0,0.0,0.0
141,1597282263.895057,574.0,0.0,0.0,0.0
141,1597283423.965056,598.0,0.0,0.0,0.0
141,1597282771.966761,588.0,0.0,0.0,0.0
141,1597284006.232272,587.0,0.0,0.0,0.0
141,1597283611.182683,583.0,0.0,0.0,0.0
141,1597283427.736029,595.0,0.0,0.0,0.0
141,1597282770.408049,591.0,0.0,0.0,0.0
141,1597283438.175948,589.0,0.0,0.0,0.0
141,1597283677.139998,585.0,0.0,0.0,0.0
141,1597283336.514883,594.0,0.0,0.0,0.0
141,1597283336.239479,582.0,0.0,0.0,0.0
141,1597283403.08746,597.0,0.0,0.0,0.0
141,1597282605.281171,606.0,0.0,0.0,0.0
141,1597283645.225759,587.0,0.0,0.0,0.0
141,1597282165.500792,576.0,0.0,0.0,0.0
141,1597282779.110758,584.0,0.0,0.0,0.0
141,1597282386.414861,581.0,0.0,0.0,0.0
141,1597284245.884492,590.0,0.0,0.0,0.0
141,1597282288.329184,577.0,0.0,0.0,0.0
141,1597282775.810841,593.0,0.0,0.0,0.0
141,1597283438.466759,588.0,0.0,0.0,0.0
141,1597283440.074851,580.0,0.0,0.0,0.0
141,1597282793.558915,590.0,0.0,0.0,0.0
141,1597284019.230894,583.0,0.0,0.0,0.0
141,1597283413.827958,590.0,0.0,0.0,0.0
141,1597283932.710107,584.0,0.0,0.0,0.0
141,1597282275.100862,583.0,0.0,0.0,0.0
141,1597282793.85996,576.0,0.0,0.0,0.0
141,1597282779.438725,583.0,0.0,0.0,0.0
141,1597283706.967883,588.0,0.0,0.0,0.0
141,1597284019.556074,575.0,0.0,0.0,0.0
141,1597283330.471485,585.0,0.0,0.0,0.0
141,1597283342.423858,584.0,0.0,0.0,0.0
141,1597283342.161797,588.0,0.0,0.0,0.0
141,1597282610.516092,586.0,0.0,0.0,0.0
141,1597283630.392805,589.0,0.0,0.0,0.0
141,1597283337.902813,599.0,0.0,0.0,0.0
141,1597283577.145817,585.0,0.0,0.0,0.0
141,1597282165.878427,579.0,0.0,0.0,0.0
141,1597283618.080856,596.0,0.0,0.0,0.0
141,1597283411.862788,588.0,0.0,0.0,0.0
141,1597282791.850792,594.0,0.0,0.0,0.0
141,1597284257.99668,584.0,0.0,0.0,0.0
141,1597282169.282212,592.0,0.0,0.0,0.0
141,1597284180.059168,585.0,0.0,0.0,0.0
141,1597284280.790511,589.0,0.0,0.0,0.0
141,1597283408.170899,594.0,0.0,0.0,0.0
141,1597284004.311585,591.0,0.0,0.0,0.0
141,1597282763.470935,593.0,0.0,0.0,0.0
141,1597283334.830787,586.0,0.0,0.0,0.0
141,1597282614.143552,582.0,0.0,0.0,0.0
141,1597284231.81246,595.0,0.0,0.0,0.0
141,1597283994.316605,588.0,0.0,0.0,0.0
141,1597282773.913636,589.0,0.0,0.0,0.0
141,1597282782.890754,589.0,0.0,0.0,0.0
141,1597283692.222099,589.0,0.0,0.0,0.0
141,1597282795.442803,579.0,0.0,0.0,0.0
141,1597284191.372441,588.0,0.0,0.0,0.0
141,1597284186.534493,599.0,0.0,0.0,0.0
141,1597284209.011231,587.0,0.0,0.0,0.0
141,1597283976.627943,591.0,0.0,0.0,0.0
141,1597283409.880758,584.0,0.0,0.0,0.0
141,1597282570.619528,587.0,0.0,0.0,0.0
141,1597282617.68693,585.0,0.0,0.0,0.0
141,1597283397.615407,578.0,0.0,0.0,0.0
141,1597284226.104371,584.0,0.0,0.0,0.0
141,1597282173.017144,589.0,0.0,0.0,0.0
141,1597282784.599092,585.0,0.0,0.0,0.0
141,1597282363.1223,590.0,0.0,0.0,0.0
141,1597282580.91291,587.0,0.0,0.0,0.0
141,1597282581.92409,582.0,0.0,0.0,0.0
141,1597284520.134719,586.0,0.0,0.0,0.0
141,1597284522.309317,588.0,0.0,0.0,0.0
141,1597283417.002845,590.0,0.0,0.0,0.0
141,1597283401.206897,592.0,0.0,0.0,0.0
141,1597283431.054866,587.0,0.0,0.0,0.0
141,1597284213.740946,583.0,0.0,0.0,0.0
141,1597283406.574811,588.0,0.0,0.0,0.0
141,1597282374.608918,584.0,0.0,0.0,0.0
141,1597283349.794912,579.0,0.0,0.0,0.0
141,1597284473.893883,602.0,0.0,0.0,0.0
141,1597283115.560471,575.0,0.0,0.0,0.0
141,1597284457.247045,576.0,0.0,0.0,0.0
141,1597284013.928242,598.0,0.0,0.0,0.0
141,1597284185.6761,588.0,0.0,0.0,0.0
141,1597283726.630748,595.0,0.0,0.0,0.0
141,1597283666.02374,590.0,0.0,0.0,0.0
141,1597284021.316937,596.0,0.0,0.0,0.0
141,1597282174.822289,585.0,0.0,0.0,0.0
141,1597283424.288044,588.0,0.0,0.0,0.0
141,1597283720.192437,584.0,0.0,0.0,0.0
141,1597283999.60282,586.0,0.0,0.0,0.0
141,1597283420.760106,595.0,0.0,0.0,0.0
141,1597283652.807207,585.0,0.0,0.0,0.0
141,1597283333.36879,600.0,0.0,0.0,0.0
141,1597283436.622816,592.0,0.0,0.0,0.0
141,1597284257.070514,590.0,0.0,0.0,0.0
141,1597284197.671694,591.0,0.0,0.0,0.0
141,1597283739.997295,579.0,0.0,0.0,0.0
141,1597283345.467466,592.0,0.0,0.0,0.0
141,1597283388.798812,582.0,0.0,0.0,0.0
141,1597283389.122806,581.0,0.0,0.0,0.0
141,1597282777.446777,598.0,0.0,0.0,0.0
141,1597284462.503827,585.0,0.0,0.0,0.0
141,1597282351.334335,586.0,0.0,0.0,0.0
141,1597284467.763192,580.0,0.0,0.0,0.0
141,1597282600.475832,591.0,0.0,0.0,0.0
141,1597282163.708212,590.0,0.0,0.0,0.0
141,1597282171.747584,588.0,0.0,0.0,0.0
141,1597284148.248556,583.0,0.0,0.0,0.0
141,1597282596.664803,587.0,0.0,0.0,0.0
141,1597282619.566885,596.0,0.0,0.0,0.0
141,1597283328.570845,593.0,0.0,0.0,0.0
141,1597283971.945913,592.0,0.0,0.0,0.0
141,1597283339.507219,587.0,0.0,0.0,0.0
141,1597283965.353705,593.0,0.0,0.0,0.0
141,1597283985.786624,606.0,0.0,0.0,0.0
141,1597283960.65737,595.0,0.0,0.0,0.0
141,1597283326.495079,590.0,0.0,0.0,0.0
141,1597282935.008112,591.0,0.0,0.0,0.0
141,1597282337.394656,581.0,0.0,0.0,0.0
141,1597282765.262817,579.0,0.0,0.0,0.0
141,1597282197.801133,589.0,0.0,0.0,0.0
141,1597282151.669317,575.0,0.0,0.0,0.0
141,1597283638.641744,600.0,0.0,0.0,0.0
141,1597283981.109082,580.0,0.0,0.0,0.0
141,1597282768.762781,595.0,0.0,0.0,0.0
141,1597284017.682941,600.0,0.0,0.0,0.0
141,1597282163.212585,582.0,0.0,0.0,0.0
141,1597282612.226864,578.0,0.0,0.0,0.0
141,1597283392.499287,584.0,0.0,0.0,0.0
141,1597282621.166908,584.0,0.0,0.0,0.0
141,1597282764.962966,601.0,0.0,0.0,0.0
141,1597282158.362522,590.0,0.0,0.0,0.0
141,1597282937.522733,583.0,0.0,0.0,0.0
141,1597284173.713344,580.0,0.0,0.0,0.0
141,1597284239.621301,593.0,0.0,0.0,0.0
144,1597282151.413147,476.25,22.9375,1.415973152433123,0.059008411842560046
144,1597282151.661047,476.55555555555554,29.135802469135804,1.193298876285553,0.072937540811008
145,1597282150.940438,809.0,0.0,0.0,0.0
145,1597282154.095684,809.0,0.0,0.0,0.0
145,1597283581.500224,811.0,0.0,0.0,0.0
145,1597283586.593992,803.0,0.0,0.0,0.0
145,1597282169.095853,805.0,0.0,0.0,0.0
145,1597283578.62898,812.0,0.0,0.0,0.0
145,1597282157.215909,803.0,0.0,0.0,0.0
145,1597283575.263091,807.0,0.0,0.0,0.0
148,1597282204.016003,146.0,0.0,0.0,0.0
148,1597282173.137366,144.0,0.0,0.0,0.0
148,1597282177.471892,148.0,0.0,0.0,0.0
148,1597282182.144887,146.0,0.0,0.0,0.0
148,1597282161.312707,145.0,0.0,0.0,0.0
148,1597282200.76255,145.0,0.0,0.0,0.0
