Time,Major Accuracy,Major Groundtruth,Minor Accuracy,Minor Groundtruth
76,1.0,{48.0: 2},1.0,{48.0: 2}
186,1.0,"{48.0: 0, 40.0: 1}",0,{48.0: 0}
187,1.0,"{48.0: 0, 40.0: 2}",1.0,"{48.0: 0, 40.0: 1}"
191,1.0,"{48.0: 0, 40.0: 3}",1.0,"{48.0: 0, 40.0: 2}"
321,1.0,"{48.0: 0, 40.0: 4}",1.0,"{48.0: 0, 40.0: 4}"
322,1.0,"{48.0: 0, 40.0: 5}",1.0,"{48.0: 0, 40.0: 4}"
323,1.0,"{48.0: 0, 40.0: 6}",1.0,"{48.0: 0, 40.0: 4}"
538,1.0,"{48.0: 3, 40.0: 0}",1.0,"{48.0: 2, 40.0: 0}"
1272,1.0,"{48.0: 0, 40.0: 7}",1.0,"{48.0: 0, 40.0: 22}"
1273,1.0,"{48.0: 0, 40.0: 8}",1.0,"{48.0: 0, 40.0: 22}"
1328,1.0,"{48.0: 0, 40.0: 9}",1.0,"{48.0: 0, 40.0: 22}"
1329,1.0,"{48.0: 0, 40.0: 10}",1.0,"{48.0: 0, 40.0: 22}"
1330,1.0,"{48.0: 0, 40.0: 11}",1.0,"{48.0: 0, 40.0: 22}"
1373,1.0,"{48.0: 0, 40.0: 12}",1.0,"{48.0: 0, 40.0: 22}"
1614,1.0,"{48.0: 0, 40.0: 13}",1.0,"{48.0: 0, 40.0: 31, 111.0: 0}"
1615,1.0,"{48.0: 0, 40.0: 14}",1.0,"{48.0: 0, 40.0: 31, 111.0: 0}"
1706,1.0,"{48.0: 0, 40.0: 15}",1.0,"{48.0: 0, 40.0: 31, 111.0: 0}"
1707,1.0,"{48.0: 0, 40.0: 16}",1.0,"{48.0: 0, 40.0: 31, 111.0: 0}"
1714,1.0,"{48.0: 0, 40.0: 17}",1.0,"{48.0: 0, 40.0: 31, 111.0: 0}"
1715,1.0,"{48.0: 0, 40.0: 18}",1.0,"{48.0: 0, 40.0: 31, 111.0: 0}"
2293,1.0,"{48.0: 0, 40.0: 19}",1.0,"{48.0: 0, 40.0: 31, 111.0: 0}"
2295,1.0,"{48.0: 0, 40.0: 20}",1.0,"{48.0: 0, 40.0: 31, 111.0: 0}"
2327,1.0,"{48.0: 0, 40.0: 21}",1.0,"{48.0: 0, 40.0: 31, 111.0: 0, 125.0: 0}"
2391,1.0,"{48.0: 0, 40.0: 22}",1.0,"{48.0: 0, 40.0: 31, 111.0: 0, 125.0: 0}"
2392,1.0,"{48.0: 0, 40.0: 23}",1.0,"{48.0: 0, 40.0: 31, 111.0: 0, 125.0: 0}"
2454,1.0,"{48.0: 0, 40.0: 24}",1.0,"{48.0: 0, 40.0: 31, 111.0: 0, 125.0: 0}"
2457,1.0,"{48.0: 0, 40.0: 25}",1.0,"{48.0: 0, 40.0: 31, 111.0: 0, 125.0: 0}"
2461,1.0,"{48.0: 0, 40.0: 26}",1.0,"{48.0: 0, 40.0: 31, 111.0: 0, 125.0: 0}"
2524,1.0,"{48.0: 0, 40.0: 27}",1.0,"{48.0: 0, 40.0: 31, 111.0: 0, 125.0: 0}"
2528,1.0,"{48.0: 0, 40.0: 28}",1.0,"{48.0: 0, 40.0: 31, 111.0: 0, 125.0: 0}"
2530,1.0,"{48.0: 0, 40.0: 29}",1.0,"{48.0: 0, 40.0: 31, 111.0: 0, 125.0: 0}"
2599,1.0,"{48.0: 0, 40.0: 0, 111.0: 1}",1.0,"{48.0: 0, 40.0: 0, 111.0: 1, 125.0: 0}"
3233,1.0,"{48.0: 0, 40.0: 0, 111.0: 2}",1.0,"{48.0: 0, 40.0: 0, 111.0: 1, 125.0: 0}"
3914,1.0,"{48.0: 0, 40.0: 0, 111.0: 0, 125.0: 1}",1.0,"{48.0: 0, 40.0: 0, 111.0: 0, 125.0: 1}"
6021,1.0,"{48.0: 0, 40.0: 0, 111.0: 0, 125.0: 0, 265.0: 1}",0,"{48.0: 0, 40.0: 0, 111.0: 0, 125.0: 0, 268.0: 0}"
6641,1.0,"{48.0: 0, 40.0: 1, 111.0: 0, 125.0: 0, 265.0: 0}",1.0,"{48.0: 0, 40.0: 12, 111.0: 0, 125.0: 0, 268.0: 0}"
6643,1.0,"{48.0: 0, 40.0: 2, 111.0: 0, 125.0: 0, 265.0: 0}",1.0,"{48.0: 0, 40.0: 12, 111.0: 0, 125.0: 0, 268.0: 0}"
6655,1.0,"{48.0: 0, 40.0: 3, 111.0: 0, 125.0: 0, 265.0: 0}",1.0,"{48.0: 0, 40.0: 12, 111.0: 0, 125.0: 0, 268.0: 0}"
6667,1.0,"{48.0: 0, 40.0: 4, 111.0: 0, 125.0: 0, 265.0: 0}",1.0,"{48.0: 0, 40.0: 12, 111.0: 0, 125.0: 0, 268.0: 0}"
6929,1.0,"{48.0: 0, 40.0: 5, 111.0: 0, 125.0: 0, 265.0: 0}",1.0,"{48.0: 0, 40.0: 13, 111.0: 0, 125.0: 0, 268.0: 0}"
6988,1.0,"{48.0: 0, 40.0: 6, 111.0: 0, 125.0: 0, 265.0: 0}",1.0,"{48.0: 0, 40.0: 13, 111.0: 0, 125.0: 0, 268.0: 0}"
6999,1.0,"{48.0: 0, 40.0: 7, 111.0: 0, 125.0: 0, 265.0: 0}",1.0,"{48.0: 0, 40.0: 13, 111.0: 0, 125.0: 0, 268.0: 0}"
7008,1.0,"{48.0: 0, 40.0: 8, 111.0: 0, 125.0: 0, 265.0: 0}",1.0,"{48.0: 0, 40.0: 13, 111.0: 0, 125.0: 0, 268.0: 0}"
7046,1.0,"{48.0: 0, 40.0: 9, 111.0: 0, 125.0: 0, 265.0: 0}",1.0,"{48.0: 0, 40.0: 13, 111.0: 0, 125.0: 0, 268.0: 0}"
7121,1.0,"{48.0: 0, 40.0: 10, 111.0: 0, 125.0: 0, 265.0: 0}",1.0,"{48.0: 0, 40.0: 13, 111.0: 0, 125.0: 0, 268.0: 0}"
7645,1.0,"{48.0: 0, 40.0: 11, 111.0: 0, 125.0: 0, 265.0: 0}",1.0,"{48.0: 0, 40.0: 13, 111.0: 0, 125.0: 0, 268.0: 0, 515.0: 0}"
8844,1.0,"{48.0: 0, 40.0: 12, 111.0: 0, 125.0: 0, 265.0: 0}",1.0,"{48.0: 0, 40.0: 13, 111.0: 0, 125.0: 0, 268.0: 0, 515.0: 0}"
9167,1.0,"{48.0: 0, 40.0: 13, 111.0: 0, 125.0: 0, 265.0: 0}",1.0,"{48.0: 0, 40.0: 13, 111.0: 0, 125.0: 0, 268.0: 0, 515.0: 0}"
9348,1.0,"{48.0: 0, 40.0: 14, 111.0: 0, 125.0: 0, 265.0: 0}",1.0,"{48.0: 0, 40.0: 13, 111.0: 0, 125.0: 0, 268.0: 0, 515.0: 0}"
30,1.0,"{48.0: 0, 40.0: 30, 111.0: 0, 125.0: 0, 265.0: 0}",1.0,"{48.0: 0, 40.0: 33, 111.0: 0, 125.0: 0, 268.0: 0, 515.0: 0}"
44,1.0,"{48.0: 0, 40.0: 31, 111.0: 0, 125.0: 0, 265.0: 0}",1.0,"{48.0: 0, 40.0: 34, 111.0: 0, 125.0: 0, 268.0: 0, 515.0: 0}"
4277,1.0,"{48.0: 0, 40.0: 0, 111.0: 0, 125.0: 0, 265.0: 0, 138.0: 1}",1.0,"{48.0: 0, 40.0: 0, 111.0: 0, 125.0: 0, 268.0: 0, 515.0: 0, 138.0: 154}"
4286,1.0,"{48.0: 0, 40.0: 0, 111.0: 0, 125.0: 0, 265.0: 0, 138.0: 2}",1.0,"{48.0: 0, 40.0: 0, 111.0: 0, 125.0: 0, 268.0: 0, 515.0: 0, 138.0: 154}"
4289,1.0,"{48.0: 0, 40.0: 0, 111.0: 0, 125.0: 0, 265.0: 0, 138.0: 3}",1.0,"{48.0: 0, 40.0: 0, 111.0: 0, 125.0: 0, 268.0: 0, 515.0: 0, 138.0: 154}"
4319,1.0,"{48.0: 0, 40.0: 0, 111.0: 0, 125.0: 0, 265.0: 0, 138.0: 4}",1.0,"{48.0: 0, 40.0: 0, 111.0: 0, 125.0: 0, 268.0: 0, 515.0: 0, 138.0: 154}"
4321,1.0,"{48.0: 0, 40.0: 0, 111.0: 0, 125.0: 0, 265.0: 0, 138.0: 5}",1.0,"{48.0: 0, 40.0: 0, 111.0: 0, 125.0: 0, 268.0: 0, 515.0: 0, 138.0: 154}"
4324,1.0,"{48.0: 0, 40.0: 0, 111.0: 0, 125.0: 0, 265.0: 0, 138.0: 6}",1.0,"{48.0: 0, 40.0: 0, 111.0: 0, 125.0: 0, 268.0: 0, 515.0: 0, 138.0: 154}"
4341,1.0,"{48.0: 0, 40.0: 0, 111.0: 0, 125.0: 0, 265.0: 0, 138.0: 7}",1.0,"{48.0: 0, 40.0: 0, 111.0: 0, 125.0: 0, 268.0: 0, 515.0: 0, 138.0: 154}"
4345,1.0,"{48.0: 0, 40.0: 0, 111.0: 0, 125.0: 0, 265.0: 0, 138.0: 8}",1.0,"{48.0: 0, 40.0: 0, 111.0: 0, 125.0: 0, 268.0: 0, 515.0: 0, 138.0: 154}"
4358,1.0,"{48.0: 0, 40.0: 0, 111.0: 0, 125.0: 0, 265.0: 0, 138.0: 9}",1.0,"{48.0: 0, 40.0: 0, 111.0: 0, 125.0: 0, 268.0: 0, 515.0: 0, 138.0: 154}"
4366,1.0,"{48.0: 0, 40.0: 0, 111.0: 0, 125.0: 0, 265.0: 0, 138.0: 10}",1.0,"{48.0: 0, 40.0: 0, 111.0: 0, 125.0: 0, 268.0: 0, 515.0: 0, 138.0: 154}"
4375,1.0,"{48.0: 0, 40.0: 0, 111.0: 0, 125.0: 0, 265.0: 0, 138.0: 11}",1.0,"{48.0: 0, 40.0: 0, 111.0: 0, 125.0: 0, 268.0: 0, 515.0: 0, 138.0: 154}"
4378,1.0,"{48.0: 0, 40.0: 0, 111.0: 0, 125.0: 0, 265.0: 0, 138.0: 12}",1.0,"{48.0: 0, 40.0: 0, 111.0: 0, 125.0: 0, 268.0: 0, 515.0: 0, 138.0: 154}"
4387,1.0,"{48.0: 0, 40.0: 0, 111.0: 0, 125.0: 0, 265.0: 0, 138.0: 13}",1.0,"{48.0: 0, 40.0: 0, 111.0: 0, 125.0: 0, 268.0: 0, 515.0: 0, 138.0: 154}"
4394,1.0,"{48.0: 0, 40.0: 0, 111.0: 0, 125.0: 0, 265.0: 0, 138.0: 14}",1.0,"{48.0: 0, 40.0: 0, 111.0: 0, 125.0: 0, 268.0: 0, 515.0: 0, 138.0: 154}"
4398,1.0,"{48.0: 0, 40.0: 0, 111.0: 0, 125.0: 0, 265.0: 0, 138.0: 15}",1.0,"{48.0: 0, 40.0: 0, 111.0: 0, 125.0: 0, 268.0: 0, 515.0: 0, 138.0: 154}"
4419,1.0,"{48.0: 0, 40.0: 0, 111.0: 0, 125.0: 0, 265.0: 0, 138.0: 16}",1.0,"{48.0: 0, 40.0: 0, 111.0: 0, 125.0: 0, 268.0: 0, 515.0: 0, 138.0: 154}"
4421,1.0,"{48.0: 0, 40.0: 0, 111.0: 0, 125.0: 0, 265.0: 0, 138.0: 17}",1.0,"{48.0: 0, 40.0: 0, 111.0: 0, 125.0: 0, 268.0: 0, 515.0: 0, 138.0: 154}"
4424,1.0,"{48.0: 0, 40.0: 0, 111.0: 0, 125.0: 0, 265.0: 0, 138.0: 18}",1.0,"{48.0: 0, 40.0: 0, 111.0: 0, 125.0: 0, 268.0: 0, 515.0: 0, 138.0: 154}"
4426,1.0,"{48.0: 0, 40.0: 0, 111.0: 0, 125.0: 0, 265.0: 0, 138.0: 19}",1.0,"{48.0: 0, 40.0: 0, 111.0: 0, 125.0: 0, 268.0: 0, 515.0: 0, 138.0: 154}"
4449,1.0,"{48.0: 0, 40.0: 0, 111.0: 0, 125.0: 0, 265.0: 0, 138.0: 20}",1.0,"{48.0: 0, 40.0: 0, 111.0: 0, 125.0: 0, 268.0: 0, 515.0: 0, 138.0: 154}"
4460,1.0,"{48.0: 0, 40.0: 0, 111.0: 0, 125.0: 0, 265.0: 0, 138.0: 21}",1.0,"{48.0: 0, 40.0: 0, 111.0: 0, 125.0: 0, 268.0: 0, 515.0: 0, 138.0: 154}"
4490,1.0,"{48.0: 0, 40.0: 0, 111.0: 0, 125.0: 0, 265.0: 0, 138.0: 22}",1.0,"{48.0: 0, 40.0: 0, 111.0: 0, 125.0: 0, 268.0: 0, 515.0: 0, 138.0: 154}"
4541,1.0,"{48.0: 0, 40.0: 0, 111.0: 0, 125.0: 0, 265.0: 0, 138.0: 23}",1.0,"{48.0: 0, 40.0: 0, 111.0: 0, 125.0: 0, 268.0: 0, 515.0: 0, 138.0: 154}"
4545,1.0,"{48.0: 0, 40.0: 0, 111.0: 0, 125.0: 0, 265.0: 0, 138.0: 24}",1.0,"{48.0: 0, 40.0: 0, 111.0: 0, 125.0: 0, 268.0: 0, 515.0: 0, 138.0: 154}"
4547,1.0,"{48.0: 0, 40.0: 0, 111.0: 0, 125.0: 0, 265.0: 0, 138.0: 25}",1.0,"{48.0: 0, 40.0: 0, 111.0: 0, 125.0: 0, 268.0: 0, 515.0: 0, 138.0: 154}"
4550,1.0,"{48.0: 0, 40.0: 0, 111.0: 0, 125.0: 0, 265.0: 0, 138.0: 26}",1.0,"{48.0: 0, 40.0: 0, 111.0: 0, 125.0: 0, 268.0: 0, 515.0: 0, 138.0: 154}"
4552,1.0,"{48.0: 0, 40.0: 0, 111.0: 0, 125.0: 0, 265.0: 0, 138.0: 27}",1.0,"{48.0: 0, 40.0: 0, 111.0: 0, 125.0: 0, 268.0: 0, 515.0: 0, 138.0: 154}"
4558,1.0,"{48.0: 0, 40.0: 0, 111.0: 0, 125.0: 0, 265.0: 0, 138.0: 28}",1.0,"{48.0: 0, 40.0: 0, 111.0: 0, 125.0: 0, 268.0: 0, 515.0: 0, 138.0: 154}"
4560,1.0,"{48.0: 0, 40.0: 0, 111.0: 0, 125.0: 0, 265.0: 0, 138.0: 29}",1.0,"{48.0: 0, 40.0: 0, 111.0: 0, 125.0: 0, 268.0: 0, 515.0: 0, 138.0: 154}"
4562,1.0,"{48.0: 0, 40.0: 0, 111.0: 0, 125.0: 0, 265.0: 0, 138.0: 30}",1.0,"{48.0: 0, 40.0: 0, 111.0: 0, 125.0: 0, 268.0: 0, 515.0: 0, 138.0: 154}"
4865,1.0,"{48.0: 0, 40.0: 0, 111.0: 0, 125.0: 0, 265.0: 0, 138.0: 31}",1.0,"{48.0: 0, 40.0: 0, 111.0: 0, 125.0: 0, 268.0: 0, 515.0: 0, 138.0: 154}"
4867,1.0,"{48.0: 0, 40.0: 0, 111.0: 0, 125.0: 0, 265.0: 0, 138.0: 32}",1.0,"{48.0: 0, 40.0: 0, 111.0: 0, 125.0: 0, 268.0: 0, 515.0: 0, 138.0: 154}"
4871,1.0,"{48.0: 0, 40.0: 0, 111.0: 0, 125.0: 0, 265.0: 0, 138.0: 33}",1.0,"{48.0: 0, 40.0: 0, 111.0: 0, 125.0: 0, 268.0: 0, 515.0: 0, 138.0: 154}"
4874,1.0,"{48.0: 0, 40.0: 0, 111.0: 0, 125.0: 0, 265.0: 0, 138.0: 34}",1.0,"{48.0: 0, 40.0: 0, 111.0: 0, 125.0: 0, 268.0: 0, 515.0: 0, 138.0: 154}"
4878,1.0,"{48.0: 0, 40.0: 0, 111.0: 0, 125.0: 0, 265.0: 0, 138.0: 35}",1.0,"{48.0: 0, 40.0: 0, 111.0: 0, 125.0: 0, 268.0: 0, 515.0: 0, 138.0: 154}"
4881,1.0,"{48.0: 0, 40.0: 0, 111.0: 0, 125.0: 0, 265.0: 0, 138.0: 36}",1.0,"{48.0: 0, 40.0: 0, 111.0: 0, 125.0: 0, 268.0: 0, 515.0: 0, 138.0: 154}"
4882,1.0,"{48.0: 0, 40.0: 0, 111.0: 0, 125.0: 0, 265.0: 0, 138.0: 37}",1.0,"{48.0: 0, 40.0: 0, 111.0: 0, 125.0: 0, 268.0: 0, 515.0: 0, 138.0: 154}"
4886,1.0,"{48.0: 0, 40.0: 0, 111.0: 0, 125.0: 0, 265.0: 0, 138.0: 38}",1.0,"{48.0: 0, 40.0: 0, 111.0: 0, 125.0: 0, 268.0: 0, 515.0: 0, 138.0: 154}"
5024,1.0,"{48.0: 0, 40.0: 0, 111.0: 0, 125.0: 0, 265.0: 0, 138.0: 39}",1.0,"{48.0: 0, 40.0: 0, 111.0: 0, 125.0: 0, 268.0: 0, 515.0: 0, 138.0: 154}"
5029,1.0,"{48.0: 0, 40.0: 0, 111.0: 0, 125.0: 0, 265.0: 0, 138.0: 40}",1.0,"{48.0: 0, 40.0: 0, 111.0: 0, 125.0: 0, 268.0: 0, 515.0: 0, 138.0: 154}"
5034,1.0,"{48.0: 0, 40.0: 0, 111.0: 0, 125.0: 0, 265.0: 0, 138.0: 41}",1.0,"{48.0: 0, 40.0: 0, 111.0: 0, 125.0: 0, 268.0: 0, 515.0: 0, 138.0: 154}"
5037,1.0,"{48.0: 0, 40.0: 0, 111.0: 0, 125.0: 0, 265.0: 0, 138.0: 42}",1.0,"{48.0: 0, 40.0: 0, 111.0: 0, 125.0: 0, 268.0: 0, 515.0: 0, 138.0: 154}"
5040,1.0,"{48.0: 0, 40.0: 0, 111.0: 0, 125.0: 0, 265.0: 0, 138.0: 43}",1.0,"{48.0: 0, 40.0: 0, 111.0: 0, 125.0: 0, 268.0: 0, 515.0: 0, 138.0: 154}"
5043,1.0,"{48.0: 0, 40.0: 0, 111.0: 0, 125.0: 0, 265.0: 0, 138.0: 44}",1.0,"{48.0: 0, 40.0: 0, 111.0: 0, 125.0: 0, 268.0: 0, 515.0: 0, 138.0: 154}"
5046,1.0,"{48.0: 0, 40.0: 0, 111.0: 0, 125.0: 0, 265.0: 0, 138.0: 45}",1.0,"{48.0: 0, 40.0: 0, 111.0: 0, 125.0: 0, 268.0: 0, 515.0: 0, 138.0: 154}"
5049,1.0,"{48.0: 0, 40.0: 0, 111.0: 0, 125.0: 0, 265.0: 0, 138.0: 46}",1.0,"{48.0: 0, 40.0: 0, 111.0: 0, 125.0: 0, 268.0: 0, 515.0: 0, 138.0: 154}"
5052,1.0,"{48.0: 0, 40.0: 0, 111.0: 0, 125.0: 0, 265.0: 0, 138.0: 47}",1.0,"{48.0: 0, 40.0: 0, 111.0: 0, 125.0: 0, 268.0: 0, 515.0: 0, 138.0: 154}"
5055,1.0,"{48.0: 0, 40.0: 0, 111.0: 0, 125.0: 0, 265.0: 0, 138.0: 48}",1.0,"{48.0: 0, 40.0: 0, 111.0: 0, 125.0: 0, 268.0: 0, 515.0: 0, 138.0: 154}"
5058,1.0,"{48.0: 0, 40.0: 0, 111.0: 0, 125.0: 0, 265.0: 0, 138.0: 49}",1.0,"{48.0: 0, 40.0: 0, 111.0: 0, 125.0: 0, 268.0: 0, 515.0: 0, 138.0: 154}"
5063,1.0,"{48.0: 0, 40.0: 0, 111.0: 0, 125.0: 0, 265.0: 0, 138.0: 50}",1.0,"{48.0: 0, 40.0: 0, 111.0: 0, 125.0: 0, 268.0: 0, 515.0: 0, 138.0: 154}"
5068,1.0,"{48.0: 0, 40.0: 0, 111.0: 0, 125.0: 0, 265.0: 0, 138.0: 51}",1.0,"{48.0: 0, 40.0: 0, 111.0: 0, 125.0: 0, 268.0: 0, 515.0: 0, 138.0: 154}"
5073,1.0,"{48.0: 0, 40.0: 0, 111.0: 0, 125.0: 0, 265.0: 0, 138.0: 52}",1.0,"{48.0: 0, 40.0: 0, 111.0: 0, 125.0: 0, 268.0: 0, 515.0: 0, 138.0: 154}"
5078,1.0,"{48.0: 0, 40.0: 0, 111.0: 0, 125.0: 0, 265.0: 0, 138.0: 53}",1.0,"{48.0: 0, 40.0: 0, 111.0: 0, 125.0: 0, 268.0: 0, 515.0: 0, 138.0: 154}"
5083,1.0,"{48.0: 0, 40.0: 0, 111.0: 0, 125.0: 0, 265.0: 0, 138.0: 54}",1.0,"{48.0: 0, 40.0: 0, 111.0: 0, 125.0: 0, 268.0: 0, 515.0: 0, 138.0: 154}"
5086,1.0,"{48.0: 0, 40.0: 0, 111.0: 0, 125.0: 0, 265.0: 0, 138.0: 55}",1.0,"{48.0: 0, 40.0: 0, 111.0: 0, 125.0: 0, 268.0: 0, 515.0: 0, 138.0: 154}"
5089,1.0,"{48.0: 0, 40.0: 0, 111.0: 0, 125.0: 0, 265.0: 0, 138.0: 56}",1.0,"{48.0: 0, 40.0: 0, 111.0: 0, 125.0: 0, 268.0: 0, 515.0: 0, 138.0: 154}"
5094,1.0,"{48.0: 0, 40.0: 0, 111.0: 0, 125.0: 0, 265.0: 0, 138.0: 57}",1.0,"{48.0: 0, 40.0: 0, 111.0: 0, 125.0: 0, 268.0: 0, 515.0: 0, 138.0: 154}"
5099,1.0,"{48.0: 0, 40.0: 0, 111.0: 0, 125.0: 0, 265.0: 0, 138.0: 58}",1.0,"{48.0: 0, 40.0: 0, 111.0: 0, 125.0: 0, 268.0: 0, 515.0: 0, 138.0: 154}"
5104,1.0,"{48.0: 0, 40.0: 0, 111.0: 0, 125.0: 0, 265.0: 0, 138.0: 59}",1.0,"{48.0: 0, 40.0: 0, 111.0: 0, 125.0: 0, 268.0: 0, 515.0: 0, 138.0: 154}"
5109,1.0,"{48.0: 0, 40.0: 0, 111.0: 0, 125.0: 0, 265.0: 0, 138.0: 60}",1.0,"{48.0: 0, 40.0: 0, 111.0: 0, 125.0: 0, 268.0: 0, 515.0: 0, 138.0: 154}"
5114,1.0,"{48.0: 0, 40.0: 0, 111.0: 0, 125.0: 0, 265.0: 0, 138.0: 61}",1.0,"{48.0: 0, 40.0: 0, 111.0: 0, 125.0: 0, 268.0: 0, 515.0: 0, 138.0: 154}"
5119,1.0,"{48.0: 0, 40.0: 0, 111.0: 0, 125.0: 0, 265.0: 0, 138.0: 62}",1.0,"{48.0: 0, 40.0: 0, 111.0: 0, 125.0: 0, 268.0: 0, 515.0: 0, 138.0: 154}"
5124,1.0,"{48.0: 0, 40.0: 0, 111.0: 0, 125.0: 0, 265.0: 0, 138.0: 63}",1.0,"{48.0: 0, 40.0: 0, 111.0: 0, 125.0: 0, 268.0: 0, 515.0: 0, 138.0: 154}"
5129,1.0,"{48.0: 0, 40.0: 0, 111.0: 0, 125.0: 0, 265.0: 0, 138.0: 64}",1.0,"{48.0: 0, 40.0: 0, 111.0: 0, 125.0: 0, 268.0: 0, 515.0: 0, 138.0: 154}"
5134,1.0,"{48.0: 0, 40.0: 0, 111.0: 0, 125.0: 0, 265.0: 0, 138.0: 65}",1.0,"{48.0: 0, 40.0: 0, 111.0: 0, 125.0: 0, 268.0: 0, 515.0: 0, 138.0: 154}"
5139,1.0,"{48.0: 0, 40.0: 0, 111.0: 0, 125.0: 0, 265.0: 0, 138.0: 66}",1.0,"{48.0: 0, 40.0: 0, 111.0: 0, 125.0: 0, 268.0: 0, 515.0: 0, 138.0: 154}"
5154,1.0,"{48.0: 0, 40.0: 0, 111.0: 0, 125.0: 0, 265.0: 0, 138.0: 67}",1.0,"{48.0: 0, 40.0: 0, 111.0: 0, 125.0: 0, 268.0: 0, 515.0: 0, 138.0: 154}"
5216,1.0,"{48.0: 0, 40.0: 0, 111.0: 0, 125.0: 0, 265.0: 0, 138.0: 68}",1.0,"{48.0: 0, 40.0: 0, 111.0: 0, 125.0: 0, 268.0: 0, 515.0: 0, 138.0: 154}"
5218,1.0,"{48.0: 0, 40.0: 0, 111.0: 0, 125.0: 0, 265.0: 0, 138.0: 69}",1.0,"{48.0: 0, 40.0: 0, 111.0: 0, 125.0: 0, 268.0: 0, 515.0: 0, 138.0: 154}"
5220,1.0,"{48.0: 0, 40.0: 0, 111.0: 0, 125.0: 0, 265.0: 0, 138.0: 70}",1.0,"{48.0: 0, 40.0: 0, 111.0: 0, 125.0: 0, 268.0: 0, 515.0: 0, 138.0: 154}"
5225,1.0,"{48.0: 0, 40.0: 0, 111.0: 0, 125.0: 0, 265.0: 0, 138.0: 71}",1.0,"{48.0: 0, 40.0: 0, 111.0: 0, 125.0: 0, 268.0: 0, 515.0: 0, 138.0: 154}"
5230,1.0,"{48.0: 0, 40.0: 0, 111.0: 0, 125.0: 0, 265.0: 0, 138.0: 72}",1.0,"{48.0: 0, 40.0: 0, 111.0: 0, 125.0: 0, 268.0: 0, 515.0: 0, 138.0: 154}"
5235,1.0,"{48.0: 0, 40.0: 0, 111.0: 0, 125.0: 0, 265.0: 0, 138.0: 73}",1.0,"{48.0: 0, 40.0: 0, 111.0: 0, 125.0: 0, 268.0: 0, 515.0: 0, 138.0: 154}"
5240,1.0,"{48.0: 0, 40.0: 0, 111.0: 0, 125.0: 0, 265.0: 0, 138.0: 74}",1.0,"{48.0: 0, 40.0: 0, 111.0: 0, 125.0: 0, 268.0: 0, 515.0: 0, 138.0: 154}"
5245,1.0,"{48.0: 0, 40.0: 0, 111.0: 0, 125.0: 0, 265.0: 0, 138.0: 75}",1.0,"{48.0: 0, 40.0: 0, 111.0: 0, 125.0: 0, 268.0: 0, 515.0: 0, 138.0: 154}"
5250,1.0,"{48.0: 0, 40.0: 0, 111.0: 0, 125.0: 0, 265.0: 0, 138.0: 76}",1.0,"{48.0: 0, 40.0: 0, 111.0: 0, 125.0: 0, 268.0: 0, 515.0: 0, 138.0: 154}"
5255,1.0,"{48.0: 0, 40.0: 0, 111.0: 0, 125.0: 0, 265.0: 0, 138.0: 77}",1.0,"{48.0: 0, 40.0: 0, 111.0: 0, 125.0: 0, 268.0: 0, 515.0: 0, 138.0: 154}"
5260,1.0,"{48.0: 0, 40.0: 0, 111.0: 0, 125.0: 0, 265.0: 0, 138.0: 78}",1.0,"{48.0: 0, 40.0: 0, 111.0: 0, 125.0: 0, 268.0: 0, 515.0: 0, 138.0: 154}"
5382,1.0,"{48.0: 0, 40.0: 0, 111.0: 0, 125.0: 0, 265.0: 0, 138.0: 79}",1.0,"{48.0: 0, 40.0: 0, 111.0: 0, 125.0: 0, 268.0: 0, 515.0: 0, 138.0: 154}"
5383,1.0,"{48.0: 0, 40.0: 0, 111.0: 0, 125.0: 0, 265.0: 0, 138.0: 80}",1.0,"{48.0: 0, 40.0: 0, 111.0: 0, 125.0: 0, 268.0: 0, 515.0: 0, 138.0: 154}"
5384,1.0,"{48.0: 0, 40.0: 0, 111.0: 0, 125.0: 0, 265.0: 0, 138.0: 81}",1.0,"{48.0: 0, 40.0: 0, 111.0: 0, 125.0: 0, 268.0: 0, 515.0: 0, 138.0: 154}"
5385,1.0,"{48.0: 0, 40.0: 0, 111.0: 0, 125.0: 0, 265.0: 0, 138.0: 82}",1.0,"{48.0: 0, 40.0: 0, 111.0: 0, 125.0: 0, 268.0: 0, 515.0: 0, 138.0: 154}"
5386,1.0,"{48.0: 0, 40.0: 0, 111.0: 0, 125.0: 0, 265.0: 0, 138.0: 83}",1.0,"{48.0: 0, 40.0: 0, 111.0: 0, 125.0: 0, 268.0: 0, 515.0: 0, 138.0: 154}"
5387,1.0,"{48.0: 0, 40.0: 0, 111.0: 0, 125.0: 0, 265.0: 0, 138.0: 84}",1.0,"{48.0: 0, 40.0: 0, 111.0: 0, 125.0: 0, 268.0: 0, 515.0: 0, 138.0: 154}"
5388,1.0,"{48.0: 0, 40.0: 0, 111.0: 0, 125.0: 0, 265.0: 0, 138.0: 85}",1.0,"{48.0: 0, 40.0: 0, 111.0: 0, 125.0: 0, 268.0: 0, 515.0: 0, 138.0: 154}"
5389,1.0,"{48.0: 0, 40.0: 0, 111.0: 0, 125.0: 0, 265.0: 0, 138.0: 86}",1.0,"{48.0: 0, 40.0: 0, 111.0: 0, 125.0: 0, 268.0: 0, 515.0: 0, 138.0: 154}"
5390,1.0,"{48.0: 0, 40.0: 0, 111.0: 0, 125.0: 0, 265.0: 0, 138.0: 87}",1.0,"{48.0: 0, 40.0: 0, 111.0: 0, 125.0: 0, 268.0: 0, 515.0: 0, 138.0: 154}"
5391,1.0,"{48.0: 0, 40.0: 0, 111.0: 0, 125.0: 0, 265.0: 0, 138.0: 88}",1.0,"{48.0: 0, 40.0: 0, 111.0: 0, 125.0: 0, 268.0: 0, 515.0: 0, 138.0: 154}"
5392,1.0,"{48.0: 0, 40.0: 0, 111.0: 0, 125.0: 0, 265.0: 0, 138.0: 89}",1.0,"{48.0: 0, 40.0: 0, 111.0: 0, 125.0: 0, 268.0: 0, 515.0: 0, 138.0: 154}"
5393,1.0,"{48.0: 0, 40.0: 0, 111.0: 0, 125.0: 0, 265.0: 0, 138.0: 90}",1.0,"{48.0: 0, 40.0: 0, 111.0: 0, 125.0: 0, 268.0: 0, 515.0: 0, 138.0: 154}"
5394,1.0,"{48.0: 0, 40.0: 0, 111.0: 0, 125.0: 0, 265.0: 0, 138.0: 91}",1.0,"{48.0: 0, 40.0: 0, 111.0: 0, 125.0: 0, 268.0: 0, 515.0: 0, 138.0: 154}"
5461,1.0,"{48.0: 0, 40.0: 0, 111.0: 0, 125.0: 0, 265.0: 0, 138.0: 92}",1.0,"{48.0: 0, 40.0: 0, 111.0: 0, 125.0: 0, 268.0: 0, 515.0: 0, 138.0: 154}"
5462,1.0,"{48.0: 0, 40.0: 0, 111.0: 0, 125.0: 0, 265.0: 0, 138.0: 93}",1.0,"{48.0: 0, 40.0: 0, 111.0: 0, 125.0: 0, 268.0: 0, 515.0: 0, 138.0: 154}"
5463,1.0,"{48.0: 0, 40.0: 0, 111.0: 0, 125.0: 0, 265.0: 0, 138.0: 94}",1.0,"{48.0: 0, 40.0: 0, 111.0: 0, 125.0: 0, 268.0: 0, 515.0: 0, 138.0: 154}"
5464,1.0,"{48.0: 0, 40.0: 0, 111.0: 0, 125.0: 0, 265.0: 0, 138.0: 95}",1.0,"{48.0: 0, 40.0: 0, 111.0: 0, 125.0: 0, 268.0: 0, 515.0: 0, 138.0: 154}"
5531,1.0,"{48.0: 0, 40.0: 0, 111.0: 0, 125.0: 0, 265.0: 0, 138.0: 96}",1.0,"{48.0: 0, 40.0: 0, 111.0: 0, 125.0: 0, 268.0: 0, 515.0: 0, 138.0: 154}"
5532,1.0,"{48.0: 0, 40.0: 0, 111.0: 0, 125.0: 0, 265.0: 0, 138.0: 97}",1.0,"{48.0: 0, 40.0: 0, 111.0: 0, 125.0: 0, 268.0: 0, 515.0: 0, 138.0: 154}"
5533,1.0,"{48.0: 0, 40.0: 0, 111.0: 0, 125.0: 0, 265.0: 0, 138.0: 98}",1.0,"{48.0: 0, 40.0: 0, 111.0: 0, 125.0: 0, 268.0: 0, 515.0: 0, 138.0: 154}"
5534,1.0,"{48.0: 0, 40.0: 0, 111.0: 0, 125.0: 0, 265.0: 0, 138.0: 99}",1.0,"{48.0: 0, 40.0: 0, 111.0: 0, 125.0: 0, 268.0: 0, 515.0: 0, 138.0: 154}"
5535,1.0,"{48.0: 0, 40.0: 0, 111.0: 0, 125.0: 0, 265.0: 0, 138.0: 100}",1.0,"{48.0: 0, 40.0: 0, 111.0: 0, 125.0: 0, 268.0: 0, 515.0: 0, 138.0: 154}"
5536,1.0,"{48.0: 0, 40.0: 0, 111.0: 0, 125.0: 0, 265.0: 0, 138.0: 101}",1.0,"{48.0: 0, 40.0: 0, 111.0: 0, 125.0: 0, 268.0: 0, 515.0: 0, 138.0: 154}"
5537,1.0,"{48.0: 0, 40.0: 0, 111.0: 0, 125.0: 0, 265.0: 0, 138.0: 102}",1.0,"{48.0: 0, 40.0: 0, 111.0: 0, 125.0: 0, 268.0: 0, 515.0: 0, 138.0: 154}"
5604,1.0,"{48.0: 0, 40.0: 0, 111.0: 0, 125.0: 0, 265.0: 0, 138.0: 103}",1.0,"{48.0: 0, 40.0: 0, 111.0: 0, 125.0: 0, 268.0: 0, 515.0: 0, 138.0: 154}"
5605,1.0,"{48.0: 0, 40.0: 0, 111.0: 0, 125.0: 0, 265.0: 0, 138.0: 104}",1.0,"{48.0: 0, 40.0: 0, 111.0: 0, 125.0: 0, 268.0: 0, 515.0: 0, 138.0: 154}"
5606,1.0,"{48.0: 0, 40.0: 0, 111.0: 0, 125.0: 0, 265.0: 0, 138.0: 105}",1.0,"{48.0: 0, 40.0: 0, 111.0: 0, 125.0: 0, 268.0: 0, 515.0: 0, 138.0: 154}"
5607,1.0,"{48.0: 0, 40.0: 0, 111.0: 0, 125.0: 0, 265.0: 0, 138.0: 106}",1.0,"{48.0: 0, 40.0: 0, 111.0: 0, 125.0: 0, 268.0: 0, 515.0: 0, 138.0: 154}"
5608,1.0,"{48.0: 0, 40.0: 0, 111.0: 0, 125.0: 0, 265.0: 0, 138.0: 107}",1.0,"{48.0: 0, 40.0: 0, 111.0: 0, 125.0: 0, 268.0: 0, 515.0: 0, 138.0: 154}"
5609,1.0,"{48.0: 0, 40.0: 0, 111.0: 0, 125.0: 0, 265.0: 0, 138.0: 108}",1.0,"{48.0: 0, 40.0: 0, 111.0: 0, 125.0: 0, 268.0: 0, 515.0: 0, 138.0: 154}"
5610,1.0,"{48.0: 0, 40.0: 0, 111.0: 0, 125.0: 0, 265.0: 0, 138.0: 109}",1.0,"{48.0: 0, 40.0: 0, 111.0: 0, 125.0: 0, 268.0: 0, 515.0: 0, 138.0: 154}"
5611,1.0,"{48.0: 0, 40.0: 0, 111.0: 0, 125.0: 0, 265.0: 0, 138.0: 110}",1.0,"{48.0: 0, 40.0: 0, 111.0: 0, 125.0: 0, 268.0: 0, 515.0: 0, 138.0: 154}"
5612,1.0,"{48.0: 0, 40.0: 0, 111.0: 0, 125.0: 0, 265.0: 0, 138.0: 111}",1.0,"{48.0: 0, 40.0: 0, 111.0: 0, 125.0: 0, 268.0: 0, 515.0: 0, 138.0: 154}"
5807,1.0,"{48.0: 0, 40.0: 0, 111.0: 0, 125.0: 0, 265.0: 0, 138.0: 112}",1.0,"{48.0: 0, 40.0: 0, 111.0: 0, 125.0: 0, 268.0: 0, 515.0: 0, 138.0: 154}"
5808,1.0,"{48.0: 0, 40.0: 0, 111.0: 0, 125.0: 0, 265.0: 0, 138.0: 113}",1.0,"{48.0: 0, 40.0: 0, 111.0: 0, 125.0: 0, 268.0: 0, 515.0: 0, 138.0: 154}"
5809,1.0,"{48.0: 0, 40.0: 0, 111.0: 0, 125.0: 0, 265.0: 0, 138.0: 114}",1.0,"{48.0: 0, 40.0: 0, 111.0: 0, 125.0: 0, 268.0: 0, 515.0: 0, 138.0: 154}"
5810,1.0,"{48.0: 0, 40.0: 0, 111.0: 0, 125.0: 0, 265.0: 0, 138.0: 115}",1.0,"{48.0: 0, 40.0: 0, 111.0: 0, 125.0: 0, 268.0: 0, 515.0: 0, 138.0: 154}"
5811,1.0,"{48.0: 0, 40.0: 0, 111.0: 0, 125.0: 0, 265.0: 0, 138.0: 116}",1.0,"{48.0: 0, 40.0: 0, 111.0: 0, 125.0: 0, 268.0: 0, 515.0: 0, 138.0: 154}"
5890,1.0,"{48.0: 0, 40.0: 0, 111.0: 0, 125.0: 0, 265.0: 0, 138.0: 117}",1.0,"{48.0: 0, 40.0: 0, 111.0: 0, 125.0: 0, 268.0: 0, 515.0: 0, 138.0: 154}"
5891,1.0,"{48.0: 0, 40.0: 0, 111.0: 0, 125.0: 0, 265.0: 0, 138.0: 118}",1.0,"{48.0: 0, 40.0: 0, 111.0: 0, 125.0: 0, 268.0: 0, 515.0: 0, 138.0: 154}"
5892,1.0,"{48.0: 0, 40.0: 0, 111.0: 0, 125.0: 0, 265.0: 0, 138.0: 119}",1.0,"{48.0: 0, 40.0: 0, 111.0: 0, 125.0: 0, 268.0: 0, 515.0: 0, 138.0: 154}"
5893,1.0,"{48.0: 0, 40.0: 0, 111.0: 0, 125.0: 0, 265.0: 0, 138.0: 120}",1.0,"{48.0: 0, 40.0: 0, 111.0: 0, 125.0: 0, 268.0: 0, 515.0: 0, 138.0: 154}"
5894,1.0,"{48.0: 0, 40.0: 0, 111.0: 0, 125.0: 0, 265.0: 0, 138.0: 121}",1.0,"{48.0: 0, 40.0: 0, 111.0: 0, 125.0: 0, 268.0: 0, 515.0: 0, 138.0: 154}"
5895,1.0,"{48.0: 0, 40.0: 0, 111.0: 0, 125.0: 0, 265.0: 0, 138.0: 122}",1.0,"{48.0: 0, 40.0: 0, 111.0: 0, 125.0: 0, 268.0: 0, 515.0: 0, 138.0: 154}"
5896,1.0,"{48.0: 0, 40.0: 0, 111.0: 0, 125.0: 0, 265.0: 0, 138.0: 123}",1.0,"{48.0: 0, 40.0: 0, 111.0: 0, 125.0: 0, 268.0: 0, 515.0: 0, 138.0: 154}"
5897,1.0,"{48.0: 0, 40.0: 0, 111.0: 0, 125.0: 0, 265.0: 0, 138.0: 124}",1.0,"{48.0: 0, 40.0: 0, 111.0: 0, 125.0: 0, 268.0: 0, 515.0: 0, 138.0: 154}"
5898,1.0,"{48.0: 0, 40.0: 0, 111.0: 0, 125.0: 0, 265.0: 0, 138.0: 125}",1.0,"{48.0: 0, 40.0: 0, 111.0: 0, 125.0: 0, 268.0: 0, 515.0: 0, 138.0: 154}"
5977,1.0,"{48.0: 0, 40.0: 0, 111.0: 0, 125.0: 0, 265.0: 0, 138.0: 126}",1.0,"{48.0: 0, 40.0: 0, 111.0: 0, 125.0: 0, 268.0: 0, 515.0: 0, 138.0: 154}"
5978,1.0,"{48.0: 0, 40.0: 0, 111.0: 0, 125.0: 0, 265.0: 0, 138.0: 127}",1.0,"{48.0: 0, 40.0: 0, 111.0: 0, 125.0: 0, 268.0: 0, 515.0: 0, 138.0: 154}"
5979,1.0,"{48.0: 0, 40.0: 0, 111.0: 0, 125.0: 0, 265.0: 0, 138.0: 128}",1.0,"{48.0: 0, 40.0: 0, 111.0: 0, 125.0: 0, 268.0: 0, 515.0: 0, 138.0: 154}"
5980,1.0,"{48.0: 0, 40.0: 0, 111.0: 0, 125.0: 0, 265.0: 0, 138.0: 129}",1.0,"{48.0: 0, 40.0: 0, 111.0: 0, 125.0: 0, 268.0: 0, 515.0: 0, 138.0: 154}"
5981,1.0,"{48.0: 0, 40.0: 0, 111.0: 0, 125.0: 0, 265.0: 0, 138.0: 130}",1.0,"{48.0: 0, 40.0: 0, 111.0: 0, 125.0: 0, 268.0: 0, 515.0: 0, 138.0: 154}"
5982,1.0,"{48.0: 0, 40.0: 0, 111.0: 0, 125.0: 0, 265.0: 0, 138.0: 131}",1.0,"{48.0: 0, 40.0: 0, 111.0: 0, 125.0: 0, 268.0: 0, 515.0: 0, 138.0: 154}"
5983,1.0,"{48.0: 0, 40.0: 0, 111.0: 0, 125.0: 0, 265.0: 0, 138.0: 132}",1.0,"{48.0: 0, 40.0: 0, 111.0: 0, 125.0: 0, 268.0: 0, 515.0: 0, 138.0: 154}"
5984,1.0,"{48.0: 0, 40.0: 0, 111.0: 0, 125.0: 0, 265.0: 0, 138.0: 133}",1.0,"{48.0: 0, 40.0: 0, 111.0: 0, 125.0: 0, 268.0: 0, 515.0: 0, 138.0: 154}"
5985,1.0,"{48.0: 0, 40.0: 0, 111.0: 0, 125.0: 0, 265.0: 0, 138.0: 134}",1.0,"{48.0: 0, 40.0: 0, 111.0: 0, 125.0: 0, 268.0: 0, 515.0: 0, 138.0: 154}"
5986,1.0,"{48.0: 0, 40.0: 0, 111.0: 0, 125.0: 0, 265.0: 0, 138.0: 135}",1.0,"{48.0: 0, 40.0: 0, 111.0: 0, 125.0: 0, 268.0: 0, 515.0: 0, 138.0: 154}"
5987,1.0,"{48.0: 0, 40.0: 0, 111.0: 0, 125.0: 0, 265.0: 0, 138.0: 136}",1.0,"{48.0: 0, 40.0: 0, 111.0: 0, 125.0: 0, 268.0: 0, 515.0: 0, 138.0: 154}"
5988,1.0,"{48.0: 0, 40.0: 0, 111.0: 0, 125.0: 0, 265.0: 0, 138.0: 137}",1.0,"{48.0: 0, 40.0: 0, 111.0: 0, 125.0: 0, 268.0: 0, 515.0: 0, 138.0: 154}"
5989,1.0,"{48.0: 0, 40.0: 0, 111.0: 0, 125.0: 0, 265.0: 0, 138.0: 138}",1.0,"{48.0: 0, 40.0: 0, 111.0: 0, 125.0: 0, 268.0: 0, 515.0: 0, 138.0: 154}"
5990,1.0,"{48.0: 0, 40.0: 0, 111.0: 0, 125.0: 0, 265.0: 0, 138.0: 139}",1.0,"{48.0: 0, 40.0: 0, 111.0: 0, 125.0: 0, 268.0: 0, 515.0: 0, 138.0: 154}"
5991,1.0,"{48.0: 0, 40.0: 0, 111.0: 0, 125.0: 0, 265.0: 0, 138.0: 140}",1.0,"{48.0: 0, 40.0: 0, 111.0: 0, 125.0: 0, 268.0: 0, 515.0: 0, 138.0: 154}"
5992,1.0,"{48.0: 0, 40.0: 0, 111.0: 0, 125.0: 0, 265.0: 0, 138.0: 141}",1.0,"{48.0: 0, 40.0: 0, 111.0: 0, 125.0: 0, 268.0: 0, 515.0: 0, 138.0: 154}"
5993,1.0,"{48.0: 0, 40.0: 0, 111.0: 0, 125.0: 0, 265.0: 0, 138.0: 142}",1.0,"{48.0: 0, 40.0: 0, 111.0: 0, 125.0: 0, 268.0: 0, 515.0: 0, 138.0: 154}"
5994,1.0,"{48.0: 0, 40.0: 0, 111.0: 0, 125.0: 0, 265.0: 0, 138.0: 143}",1.0,"{48.0: 0, 40.0: 0, 111.0: 0, 125.0: 0, 268.0: 0, 515.0: 0, 138.0: 154}"
5995,1.0,"{48.0: 0, 40.0: 0, 111.0: 0, 125.0: 0, 265.0: 0, 138.0: 144}",1.0,"{48.0: 0, 40.0: 0, 111.0: 0, 125.0: 0, 268.0: 0, 515.0: 0, 138.0: 154}"
5996,1.0,"{48.0: 0, 40.0: 0, 111.0: 0, 125.0: 0, 265.0: 0, 138.0: 145}",1.0,"{48.0: 0, 40.0: 0, 111.0: 0, 125.0: 0, 268.0: 0, 515.0: 0, 138.0: 154}"
5997,1.0,"{48.0: 0, 40.0: 0, 111.0: 0, 125.0: 0, 265.0: 0, 138.0: 146}",1.0,"{48.0: 0, 40.0: 0, 111.0: 0, 125.0: 0, 268.0: 0, 515.0: 0, 138.0: 154}"
5998,1.0,"{48.0: 0, 40.0: 0, 111.0: 0, 125.0: 0, 265.0: 0, 138.0: 147}",1.0,"{48.0: 0, 40.0: 0, 111.0: 0, 125.0: 0, 268.0: 0, 515.0: 0, 138.0: 154}"
5999,1.0,"{48.0: 0, 40.0: 0, 111.0: 0, 125.0: 0, 265.0: 0, 138.0: 148}",1.0,"{48.0: 0, 40.0: 0, 111.0: 0, 125.0: 0, 268.0: 0, 515.0: 0, 138.0: 154}"
6000,1.0,"{48.0: 0, 40.0: 0, 111.0: 0, 125.0: 0, 265.0: 0, 138.0: 149}",1.0,"{48.0: 0, 40.0: 0, 111.0: 0, 125.0: 0, 268.0: 0, 515.0: 0, 138.0: 154}"
6001,1.0,"{48.0: 0, 40.0: 0, 111.0: 0, 125.0: 0, 265.0: 0, 138.0: 150}",1.0,"{48.0: 0, 40.0: 0, 111.0: 0, 125.0: 0, 268.0: 0, 515.0: 0, 138.0: 154}"
9803,1.0,"{48.0: 0, 40.0: 0, 111.0: 0, 125.0: 0, 265.0: 2, 138.0: 0}",1.0,"{48.0: 0, 40.0: 0, 111.0: 0, 125.0: 0, 268.0: 12, 515.0: 0, 138.0: 0}"
9804,1.0,"{48.0: 0, 40.0: 0, 111.0: 0, 125.0: 0, 265.0: 3, 138.0: 0}",1.0,"{48.0: 0, 40.0: 0, 111.0: 0, 125.0: 0, 268.0: 12, 515.0: 0, 138.0: 0}"
9805,1.0,"{48.0: 0, 40.0: 0, 111.0: 0, 125.0: 0, 265.0: 4, 138.0: 0}",1.0,"{48.0: 0, 40.0: 0, 111.0: 0, 125.0: 0, 268.0: 12, 515.0: 0, 138.0: 0}"
9806,1.0,"{48.0: 0, 40.0: 0, 111.0: 0, 125.0: 0, 265.0: 5, 138.0: 0}",1.0,"{48.0: 0, 40.0: 0, 111.0: 0, 125.0: 0, 268.0: 12, 515.0: 0, 138.0: 0}"
9807,1.0,"{48.0: 0, 40.0: 0, 111.0: 0, 125.0: 0, 265.0: 6, 138.0: 0}",1.0,"{48.0: 0, 40.0: 0, 111.0: 0, 125.0: 0, 268.0: 12, 515.0: 0, 138.0: 0}"
9808,1.0,"{48.0: 0, 40.0: 0, 111.0: 0, 125.0: 0, 265.0: 7, 138.0: 0}",1.0,"{48.0: 0, 40.0: 0, 111.0: 0, 125.0: 0, 268.0: 12, 515.0: 0, 138.0: 0}"
9809,1.0,"{48.0: 0, 40.0: 0, 111.0: 0, 125.0: 0, 265.0: 8, 138.0: 0}",1.0,"{48.0: 0, 40.0: 0, 111.0: 0, 125.0: 0, 268.0: 12, 515.0: 0, 138.0: 0}"
9810,1.0,"{48.0: 0, 40.0: 0, 111.0: 0, 125.0: 0, 265.0: 9, 138.0: 0}",1.0,"{48.0: 0, 40.0: 0, 111.0: 0, 125.0: 0, 268.0: 12, 515.0: 0, 138.0: 0}"
9811,1.0,"{48.0: 0, 40.0: 0, 111.0: 0, 125.0: 0, 265.0: 10, 138.0: 0}",1.0,"{48.0: 0, 40.0: 0, 111.0: 0, 125.0: 0, 268.0: 12, 515.0: 0, 138.0: 0}"
9812,1.0,"{48.0: 0, 40.0: 0, 111.0: 0, 125.0: 0, 265.0: 11, 138.0: 0}",1.0,"{48.0: 0, 40.0: 0, 111.0: 0, 125.0: 0, 268.0: 12, 515.0: 0, 138.0: 0}"
9813,1.0,"{48.0: 0, 40.0: 0, 111.0: 0, 125.0: 0, 265.0: 12, 138.0: 0}",1.0,"{48.0: 0, 40.0: 0, 111.0: 0, 125.0: 0, 268.0: 12, 515.0: 0, 138.0: 0}"
9814,1.0,"{48.0: 0, 40.0: 0, 111.0: 0, 125.0: 0, 265.0: 13, 138.0: 0}",1.0,"{48.0: 0, 40.0: 0, 111.0: 0, 125.0: 0, 268.0: 12, 515.0: 0, 138.0: 0}"
9815,1.0,"{48.0: 0, 40.0: 0, 111.0: 0, 125.0: 0, 265.0: 14, 138.0: 0}",1.0,"{48.0: 0, 40.0: 0, 111.0: 0, 125.0: 0, 268.0: 12, 515.0: 0, 138.0: 0}"
9816,1.0,"{48.0: 0, 40.0: 0, 111.0: 0, 125.0: 0, 265.0: 15, 138.0: 0}",1.0,"{48.0: 0, 40.0: 0, 111.0: 0, 125.0: 0, 268.0: 12, 515.0: 0, 138.0: 0}"
9817,1.0,"{48.0: 0, 40.0: 0, 111.0: 0, 125.0: 0, 265.0: 16, 138.0: 0}",1.0,"{48.0: 0, 40.0: 0, 111.0: 0, 125.0: 0, 268.0: 12, 515.0: 0, 138.0: 0}"
10209,1.0,"{48.0: 0, 40.0: 0, 111.0: 0, 125.0: 0, 265.0: 0, 138.0: 0, 515.0: 1}",1.0,"{40.0: 0, 111.0: 0, 125.0: 0, 268.0: 0, 515.0: 1, 138.0: 0}"
10211,1.0,"{48.0: 0, 40.0: 0, 111.0: 0, 125.0: 0, 265.0: 0, 138.0: 0, 515.0: 2}",1.0,"{40.0: 0, 111.0: 0, 125.0: 0, 268.0: 0, 515.0: 1, 138.0: 0}"
10216,1.0,"{48.0: 0, 40.0: 0, 111.0: 0, 125.0: 0, 265.0: 0, 138.0: 0, 515.0: 3}",1.0,"{40.0: 0, 111.0: 0, 125.0: 0, 268.0: 0, 515.0: 1, 138.0: 0}"
