Time,Real cid,Classified cid,Score,Queue Distribution,Representive,Percentage,Queue Size,Dominated
12715,303.0,1245430.0,851664.0,"[492177.0, 359487.0]","[50, 36]"
14024,303.0,2074964.0,1166722.0,"[512970.0, 653752.0]","[50, 58]"
16620,303.0,3739525.0,3097880.0,"[1171592.0, 963144.0, 963144.0]","[100, 88, 88]"
17138,303.0,4070548.0,3705147.0,"[1101541.0, 1301803.0, 1301803.0]","[100, 111, 111]"
18873,303.0,5187706.0,6427843.0,"[1745641.0, 1560734.0, 1560734.0, 1560734.0]","[150, 133, 133, 133]"
19697,303.0,5716272.0,7533133.0,"[1774792.0, 1919447.0, 1919447.0, 1919447.0]","[150, 164, 164, 164]"
21360,303.0,6785197.0,11338226.0,"[2389002.0, 2237306.0, 2237306.0, 2237306.0, 2237306.0]","[200, 190, 190, 190, 190]"
21987,303.0,7188073.0,12295016.0,"[2367916.0, 2481775.0, 2481775.0, 2481775.0, 2481775.0]","[200, 209, 209, 209, 209]"
24214,303.0,8621993.0,17305906.0,"[2998146.0, 2861552.0, 2861552.0, 2861552.0, 2861552.0, 2861552.0]","[250, 236, 236, 236, 236, 236]"
24992,303.0,9121561.0,18994024.0,"[3038489.0, 3191107.0, 3191107.0, 3191107.0, 3191107.0, 3191107.0]","[250, 261, 261, 261, 261, 261]"
27851,303.0,10957595.0,25689966.0,"[3613914.0, 3679342.0, 3679342.0, 3679342.0, 3679342.0, 3679342.0, 3679342.0]","[300, 297, 297, 297, 297, 297, 297]"
28027,303.0,11071470.0,25551362.0,"[3722414.0, 3638158.0, 3638158.0, 3638158.0, 3638158.0, 3638158.0, 3638158.0]","[300, 302, 302, 302, 302, 302, 302]"
31422,303.0,13252514.0,33643855.0,"[4419758.0, 4174871.0, 4174871.0, 4174871.0, 4174871.0, 4174871.0, 4174871.0, 4174871.0]","[350, 336, 336, 336, 336, 336, 336, 336]"
32197,303.0,13751450.0,36448024.0,"[4308084.0, 4591420.0, 4591420.0, 4591420.0, 4591420.0, 4591420.0, 4591420.0, 4591420.0]","[350, 367, 367, 367, 367, 367, 367, 367]"
34441,303.0,15192757.0,41658113.0,"[4895041.0, 4595384.0, 4595384.0, 4595384.0, 4595384.0, 4595384.0, 4595384.0, 4595384.0, 4595384.0]","[400, 378, 378, 378, 378, 378, 378, 378, 378]"
36239,303.0,16354429.0,46080658.0,"[4815754.0, 5158113.0, 5158113.0, 5158113.0, 5158113.0, 5158113.0, 5158113.0, 5158113.0, 5158113.0]","[400, 424, 424, 424, 424, 424, 424, 424, 424]"
38237,303.0,17637102.0,51783861.0,"[5515392.0, 5140941.0, 5140941.0, 5140941.0, 5140941.0, 5140941.0, 5140941.0, 5140941.0, 5140941.0, 5140941.0]","[450, 417, 417, 417, 417, 417, 417, 417, 417, 417]"
39944,303.0,18733395.0,57903252.0,"[5563176.0, 5815564.0, 5815564.0, 5815564.0, 5815564.0, 5815564.0, 5815564.0, 5815564.0, 5815564.0, 5815564.0]","[450, 469, 469, 469, 469, 469, 469, 469, 469, 469]"
41618,303.0,19811736.0,64927788.0,"[6192788.0, 5873500.0, 5873500.0, 5873500.0, 5873500.0, 5873500.0, 5873500.0, 5873500.0, 5873500.0, 5873500.0, 5873500.0]","[500, 468, 468, 468, 468, 468, 468, 468, 468, 468, 468]"
43955,303.0,21310725.0,75642172.0,"[6848612.0, 6253960.0, 6253960.0, 6253960.0, 6253960.0, 6253960.0, 6253960.0, 6253960.0, 6253960.0, 6253960.0, 6253960.0, 6253960.0]","[550, 482, 482, 482, 482, 482, 482, 482, 482, 482, 482, 482]"
47024,303.0,23287066.0,80255659.0,"[6618559.0, 7363710.0, 7363710.0, 7363710.0, 7363710.0, 7363710.0, 7363710.0, 7363710.0, 7363710.0, 7363710.0, 7363710.0]","[500, 575, 575, 575, 575, 575, 575, 575, 575, 575, 575]"
49405,303.0,24819742.0,92240408.0,"[7838096.0, 7033526.0, 7033526.0, 7033526.0, 7033526.0, 7033526.0, 7033526.0, 7033526.0, 7033526.0, 7033526.0, 7033526.0, 7033526.0, 7033526.0]","[600, 534, 534, 534, 534, 534, 534, 534, 534, 534, 534, 534, 534]"
50329,303.0,25413786.0,95671824.0,"[7187417.0, 8044037.0, 8044037.0, 8044037.0, 8044037.0, 8044037.0, 8044037.0, 8044037.0, 8044037.0, 8044037.0, 8044037.0, 8044037.0]","[550, 614, 614, 614, 614, 614, 614, 614, 614, 614, 614, 614]"
52176,303.0,26602414.0,105836168.0,"[8497888.0, 7487560.0, 7487560.0, 7487560.0, 7487560.0, 7487560.0, 7487560.0, 7487560.0, 7487560.0, 7487560.0, 7487560.0, 7487560.0, 7487560.0, 7487560.0]","[650, 577, 577, 577, 577, 577, 577, 577, 577, 577, 577, 577, 577, 577]"
53935,303.0,27732877.0,115132551.0,"[7701411.0, 8952595.0, 8952595.0, 8952595.0, 8952595.0, 8952595.0, 8952595.0, 8952595.0, 8952595.0, 8952595.0, 8952595.0, 8952595.0, 8952595.0]","[600, 696, 696, 696, 696, 696, 696, 696, 696, 696, 696, 696, 696]"
54162,303.0,27877568.0,111744043.0,"[9000725.0, 7745974.0, 7745974.0, 7745974.0, 7745974.0, 7745974.0, 7745974.0, 7745974.0, 7745974.0, 7745974.0, 7745974.0, 7745974.0, 7745974.0, 7745974.0, 2045656.0]","[700, 604, 604, 604, 604, 604, 604, 604, 604, 604, 604, 604, 604, 604, 141]"
57569,303.0,30068740.0,128299609.0,"[9597630.0, 8305097.0, 8305097.0, 8305097.0, 8305097.0, 8305097.0, 8305097.0, 8305097.0, 8305097.0, 8305097.0, 8305097.0, 8305097.0, 8305097.0, 8305097.0, 2430621.0, 8305097.0]","[750, 619, 619, 619, 619, 619, 619, 619, 619, 619, 619, 619, 619, 619, 148, 619]"
61043,303.0,32302482.0,143855911.0,"[8938830.0, 10378237.0, 10378237.0, 10378237.0, 10378237.0, 10378237.0, 10378237.0, 10378237.0, 10378237.0, 10378237.0, 10378237.0, 10378237.0, 10378237.0, 10378237.0]","[650, 771, 771, 771, 771, 771, 771, 771, 771, 771, 771, 771, 771, 771]"
63221,303.0,33705385.0,151238859.0,"[10900778.0, 9156904.0, 9156904.0, 9156904.0, 9156904.0, 9156904.0, 9156904.0, 9156904.0, 9156904.0, 9156904.0, 9156904.0, 9156904.0, 9156904.0, 9156904.0, 2984521.0, 9156904.0, 9156904.0]","[800, 669, 669, 669, 669, 669, 669, 669, 669, 669, 669, 669, 669, 669, 183, 669, 669]"
65749,303.0,35333610.0,167076663.0,"[11364837.0, 9529041.0, 9529041.0, 9529041.0, 9529041.0, 9529041.0, 9529041.0, 9529041.0, 9529041.0, 9529041.0, 9529041.0, 9529041.0, 9529041.0, 9529041.0, 3247170.0, 9529041.0, 9529041.0, 9529041.0]","[850, 692, 692, 692, 692, 692, 692, 692, 692, 692, 692, 692, 692, 692, 202, 692, 692, 692]"
67282,303.0,36318447.0,173110683.0,"[9709501.0, 11671513.0, 11671513.0, 11671513.0, 11671513.0, 11671513.0, 11671513.0, 11671513.0, 11671513.0, 11671513.0, 11671513.0, 11671513.0, 11671513.0, 11671513.0, 11671513.0]","[700, 866, 866, 866, 866, 866, 866, 866, 866, 866, 866, 866, 866, 866, 866]"
68772,303.0,37277567.0,176057220.0,"[11953836.0, 9811824.0, 9811824.0, 9811824.0, 9811824.0, 9811824.0, 9811824.0, 9811824.0, 9811824.0, 9811824.0, 9811824.0, 9811824.0, 9811824.0, 9811824.0, 3557100.0, 9811824.0, 9811824.0, 9811824.0, 3557100.0]","[900, 709, 709, 709, 709, 709, 709, 709, 709, 709, 709, 709, 709, 709, 219, 709, 709, 709, 219]"
71482,303.0,39020201.0,188038811.0,"[12567985.0, 10240138.0, 10240138.0, 10240138.0, 10240138.0, 10240138.0, 10240138.0, 10240138.0, 10240138.0, 10240138.0, 10240138.0, 10240138.0, 10240138.0, 10240138.0, 3876206.0, 10240138.0, 10240138.0, 10240138.0, 3876206.0, 3876206.0]","[950, 734, 734, 734, 734, 734, 734, 734, 734, 734, 734, 734, 734, 734, 235, 734, 734, 734, 235, 235]"
73346,303.0,40218507.0,206270366.0,"[10586516.0, 13045590.0, 13045590.0, 13045590.0, 13045590.0, 13045590.0, 13045590.0, 13045590.0, 13045590.0, 13045590.0, 13045590.0, 13045590.0, 13045590.0, 13045590.0, 13045590.0, 13045590.0]","[750, 972, 972, 972, 972, 972, 972, 972, 972, 972, 972, 972, 972, 972, 972, 972]"
75107,303.0,41350265.0,203557066.0,"[13518870.0, 10795398.0, 10795398.0, 10795398.0, 10795398.0, 10795398.0, 10795398.0, 10795398.0, 10795398.0, 10795398.0, 10795398.0, 10795398.0, 10795398.0, 10795398.0, 4327957.0, 10795398.0, 10795398.0, 10795398.0, 4327957.0, 4327957.0, 4327957.0]","[1000, 765, 765, 765, 765, 765, 765, 765, 765, 765, 765, 765, 765, 765, 255, 765, 765, 765, 255, 255, 255]"
78777,303.0,43712780.0,220072960.0,"[14493119.0, 11340676.0, 11340676.0, 11340676.0, 11340676.0, 11340676.0, 11340676.0, 11340676.0, 11340676.0, 11340676.0, 11340676.0, 11340676.0, 11340676.0, 11340676.0, 4825805.0, 11340676.0, 11340676.0, 11340676.0, 4825805.0, 4825805.0, 4825805.0, 4825805.0]","[1050, 795, 795, 795, 795, 795, 795, 795, 795, 795, 795, 795, 795, 795, 281, 795, 795, 795, 281, 281, 281, 281]"
79334,303.0,44072501.0,245761512.0,"[11391672.0, 14648115.0, 14648115.0, 14648115.0, 14648115.0, 14648115.0, 14648115.0, 14648115.0, 14648115.0, 14648115.0, 14648115.0, 14648115.0, 14648115.0, 14648115.0, 14648115.0, 14648115.0, 14648115.0]","[800, 1056, 1056, 1056, 1056, 1056, 1056, 1056, 1056, 1056, 1056, 1056, 1056, 1056, 1056, 1056, 1056]"
81859,303.0,45696397.0,235986314.0,"[15393236.0, 11846166.0, 11846166.0, 11846166.0, 11846166.0, 11846166.0, 11846166.0, 11846166.0, 11846166.0, 11846166.0, 11846166.0, 11846166.0, 11846166.0, 11846166.0, 5175737.0, 11846166.0, 11846166.0, 11846166.0, 5175737.0, 5175737.0, 5175737.0, 5175737.0, 5175737.0]","[1100, 825, 825, 825, 825, 825, 825, 825, 825, 825, 825, 825, 825, 825, 302, 825, 825, 825, 302, 302, 302, 302, 302]"
84216,303.0,47215547.0,269045873.0,"[12161841.0, 16055252.0, 16055252.0, 16055252.0, 16055252.0, 16055252.0, 16055252.0, 16055252.0, 16055252.0, 16055252.0, 16055252.0, 16055252.0, 16055252.0, 16055252.0, 16055252.0, 16055252.0, 16055252.0]","[850, 1140, 1140, 1140, 1140, 1140, 1140, 1140, 1140, 1140, 1140, 1140, 1140, 1140, 1140, 1140, 1140]"
84903,303.0,47655778.0,257617020.0,"[16163267.0, 12222281.0, 12222281.0, 12222281.0, 12222281.0, 12222281.0, 12222281.0, 12222281.0, 12222281.0, 12222281.0, 12222281.0, 12222281.0, 12222281.0, 12222281.0, 5612496.0, 12222281.0, 12222281.0, 12222281.0, 5612496.0, 5612496.0, 5612496.0, 5612496.0, 5612496.0, 12222281.0]","[1150, 857, 857, 857, 857, 857, 857, 857, 857, 857, 857, 857, 857, 857, 336, 857, 857, 857, 336, 336, 336, 336, 336, 857]"
87414,303.0,49273115.0,272881093.0,"[16871941.0, 12618606.0, 12618606.0, 12618606.0, 12618606.0, 12618606.0, 12618606.0, 12618606.0, 12618606.0, 12618606.0, 12618606.0, 12618606.0, 12618606.0, 12618606.0, 5927550.0, 12618606.0, 12618606.0, 12618606.0, 5927550.0, 5927550.0, 5927550.0, 5927550.0, 5927550.0, 12618606.0, 5927550.0]","[1200, 879, 879, 879, 879, 879, 879, 879, 879, 879, 879, 879, 879, 879, 354, 879, 879, 879, 354, 354, 354, 354, 354, 879, 354]"
89217,303.0,50432722.0,289221843.0,"[12764147.0, 17278606.0, 17278606.0, 17278606.0, 17278606.0, 17278606.0, 17278606.0, 17278606.0, 17278606.0, 17278606.0, 17278606.0, 17278606.0, 17278606.0, 17278606.0, 17278606.0, 17278606.0, 17278606.0]","[900, 1237, 1237, 1237, 1237, 1237, 1237, 1237, 1237, 1237, 1237, 1237, 1237, 1237, 1237, 1237, 1237]"
90057,303.0,50973836.0,291324523.0,"[17503079.0, 12820131.0, 12820131.0, 12820131.0, 12820131.0, 12820131.0, 12820131.0, 12820131.0, 12820131.0, 12820131.0, 12820131.0, 12820131.0, 12820131.0, 12820131.0, 6151298.0, 12820131.0, 12820131.0, 12820131.0, 6151298.0, 6151298.0, 6151298.0, 6151298.0, 6151298.0, 12820131.0, 6151298.0, 12820131.0]","[1250, 909, 909, 909, 909, 909, 909, 909, 909, 909, 909, 909, 909, 909, 380, 909, 909, 909, 380, 380, 380, 380, 380, 909, 380, 909]"
92407,303.0,52486907.0,309128345.0,"[17877858.0, 12960796.0, 12960796.0, 12960796.0, 12960796.0, 12960796.0, 12960796.0, 12960796.0, 12960796.0, 12960796.0, 12960796.0, 12960796.0, 12960796.0, 12960796.0, 6427909.0, 12960796.0, 12960796.0, 12960796.0, 6427909.0, 6427909.0, 6427909.0, 6427909.0, 6427909.0, 12960796.0, 6427909.0, 12960796.0, 12960796.0]","[1300, 929, 929, 929, 929, 929, 929, 929, 929, 929, 929, 929, 929, 929, 397, 929, 929, 929, 397, 397, 397, 397, 397, 929, 397, 929, 929]"
94474,303.0,53821388.0,324414215.0,"[13151117.0, 18309594.0, 18309594.0, 18309594.0, 18309594.0, 18309594.0, 18309594.0, 18309594.0, 18309594.0, 18309594.0, 18309594.0, 18309594.0, 18309594.0, 18309594.0, 18309594.0, 18309594.0, 18309594.0, 18309594.0]","[950, 1339, 1339, 1339, 1339, 1339, 1339, 1339, 1339, 1339, 1339, 1339, 1339, 1339, 1339, 1339, 1339, 1339]"
95181,303.0,54275572.0,323360756.0,"[18486354.0, 13208342.0, 13208342.0, 13208342.0, 13208342.0, 13208342.0, 13208342.0, 13208342.0, 13208342.0, 13208342.0, 13208342.0, 13208342.0, 13208342.0, 13208342.0, 6739488.0, 13208342.0, 13208342.0, 13208342.0, 6739488.0, 6739488.0, 6739488.0, 6739488.0, 6739488.0, 13208342.0, 6739488.0, 13208342.0, 13208342.0, 6739488.0]","[1350, 958, 958, 958, 958, 958, 958, 958, 958, 958, 958, 958, 958, 958, 423, 958, 958, 958, 423, 423, 423, 423, 423, 958, 423, 958, 958, 423]"
97813,303.0,55968816.0,26023271.0,"[7093470.0, 18929801.0]","[450, 1395]"
97962,303.0,56064919.0,340259089.0,"[18969663.0, 13539133.0, 13539133.0, 13539133.0, 13539133.0, 13539133.0, 13539133.0, 13539133.0, 13539133.0, 13539133.0, 13539133.0, 13539133.0, 13539133.0, 13539133.0, 7116211.0, 13539133.0, 13539133.0, 13539133.0, 7116211.0, 7116211.0, 7116211.0, 7116211.0, 7116211.0, 13539133.0, 7116211.0, 13539133.0, 13539133.0, 7116211.0, 7116211.0]","[1400, 987, 987, 987, 987, 987, 987, 987, 987, 987, 987, 987, 987, 987, 451, 987, 987, 987, 451, 451, 451, 451, 451, 987, 451, 987, 987, 451, 451]"
99189,303.0,56858917.0,359607697.0,"[13643647.0, 19220225.0, 19220225.0, 19220225.0, 19220225.0, 19220225.0, 19220225.0, 19220225.0, 19220225.0, 19220225.0, 19220225.0, 19220225.0, 19220225.0, 19220225.0, 19220225.0, 19220225.0, 19220225.0, 19220225.0, 19220225.0]","[1000, 1426, 1426, 1426, 1426, 1426, 1426, 1426, 1426, 1426, 1426, 1426, 1426, 1426, 1426, 1426, 1426, 1426, 1426]"
100580,303.0,57748805.0,356652720.0,"[19550303.0, 13824043.0, 13824043.0, 13824043.0, 13824043.0, 13824043.0, 13824043.0, 13824043.0, 13824043.0, 13824043.0, 13824043.0, 13824043.0, 13824043.0, 13824043.0, 7444560.0, 13824043.0, 13824043.0, 13824043.0, 7444560.0, 7444560.0, 7444560.0, 7444560.0, 7444560.0, 13824043.0, 7444560.0, 13824043.0, 13824043.0, 7444560.0, 7444560.0, 7444560.0]","[1450, 1019, 1019, 1019, 1019, 1019, 1019, 1019, 1019, 1019, 1019, 1019, 1019, 1019, 481, 1019, 1019, 1019, 481, 481, 481, 481, 481, 1019, 481, 1019, 1019, 481, 481, 481]"
102565,303.0,59025552.0,47617897.0,"[7685341.0, 19966278.0, 19966278.0]","[500, 1498, 1498]"
102728,303.0,59130902.0,378269106.0,"[19995696.0, 14058220.0, 14058220.0, 14058220.0, 14058220.0, 14058220.0, 14058220.0, 14058220.0, 14058220.0, 14058220.0, 14058220.0, 14058220.0, 14058220.0, 14058220.0, 7710901.0, 14058220.0, 14058220.0, 14058220.0, 7710901.0, 7710901.0, 7710901.0, 7710901.0, 7710901.0, 14058220.0, 7710901.0, 14058220.0, 14058220.0, 7710901.0, 7710901.0, 7710901.0, 14058220.0]","[1500, 1037, 1037, 1037, 1037, 1037, 1037, 1037, 1037, 1037, 1037, 1037, 1037, 1037, 501, 1037, 1037, 1037, 501, 501, 501, 501, 501, 1037, 501, 1037, 1037, 501, 501, 501, 1037]"
103674,303.0,59741696.0,377159590.0,"[14237164.0, 20162357.0, 20162357.0, 20162357.0, 20162357.0, 20162357.0, 20162357.0, 20162357.0, 20162357.0, 20162357.0, 20162357.0, 20162357.0, 20162357.0, 20162357.0, 20162357.0, 20162357.0, 20162357.0, 20162357.0, 20162357.0]","[1050, 1513, 1513, 1513, 1513, 1513, 1513, 1513, 1513, 1513, 1513, 1513, 1513, 1513, 1513, 1513, 1513, 1513, 1513]"
106389,303.0,61488690.0,406465322.0,"[20786243.0, 14490209.0, 14490209.0, 14490209.0, 14490209.0, 14490209.0, 14490209.0, 14490209.0, 14490209.0, 14490209.0, 14490209.0, 14490209.0, 14490209.0, 14490209.0, 8138469.0, 14490209.0, 14490209.0, 14490209.0, 8138469.0, 8138469.0, 8138469.0, 8138469.0, 8138469.0, 14490209.0, 8138469.0, 14490209.0, 14490209.0, 8138469.0, 8138469.0, 8138469.0, 14490209.0, 14490209.0]","[1550, 1075, 1075, 1075, 1075, 1075, 1075, 1075, 1075, 1075, 1075, 1075, 1075, 1075, 534, 1075, 1075, 1075, 534, 534, 534, 534, 534, 1075, 534, 1075, 1075, 534, 534, 534, 1075, 1075]"
108432,303.0,62802606.0,72000585.0,"[8377545.0, 21207680.0, 21207680.0, 21207680.0]","[550, 1582, 1582, 1582]"
108716,303.0,62984547.0,419308923.0,"[14755489.0, 21292286.0, 21292286.0, 21292286.0, 21292286.0, 21292286.0, 21292286.0, 21292286.0, 21292286.0, 21292286.0, 21292286.0, 21292286.0, 21292286.0, 21292286.0, 21292286.0, 21292286.0, 21292286.0, 21292286.0, 21292286.0, 21292286.0]","[1100, 1589, 1589, 1589, 1589, 1589, 1589, 1589, 1589, 1589, 1589, 1589, 1589, 1589, 1589, 1589, 1589, 1589, 1589, 1589]"
109300,303.0,63359304.0,426495868.0,"[21438918.0, 14838317.0, 14838317.0, 14838317.0, 14838317.0, 14838317.0, 14838317.0, 14838317.0, 14838317.0, 14838317.0, 14838317.0, 14838317.0, 14838317.0, 14838317.0, 8495663.0, 14838317.0, 14838317.0, 14838317.0, 8495663.0, 8495663.0, 8495663.0, 8495663.0, 8495663.0, 14838317.0, 8495663.0, 14838317.0, 14838317.0, 8495663.0, 8495663.0, 8495663.0, 14838317.0, 14838317.0, 8495663.0]","[1600, 1108, 1108, 1108, 1108, 1108, 1108, 1108, 1108, 1108, 1108, 1108, 1108, 1108, 555, 1108, 1108, 1108, 555, 555, 555, 555, 555, 1108, 555, 1108, 1108, 555, 555, 555, 1108, 1108, 555]"
112122,303.0,65174733.0,455590619.0,"[15235319.0, 22017765.0, 22017765.0, 22017765.0, 22017765.0, 22017765.0, 22017765.0, 22017765.0, 22017765.0, 22017765.0, 22017765.0, 22017765.0, 22017765.0, 22017765.0, 22017765.0, 22017765.0, 22017765.0, 22017765.0, 22017765.0, 22017765.0, 22017765.0]","[1150, 1642, 1642, 1642, 1642, 1642, 1642, 1642, 1642, 1642, 1642, 1642, 1642, 1642, 1642, 1642, 1642, 1642, 1642, 1642, 1642]"
112422,303.0,65367211.0,447742052.0,"[22078121.0, 15254539.0, 15254539.0, 15254539.0, 15254539.0, 15254539.0, 15254539.0, 15254539.0, 15254539.0, 15254539.0, 15254539.0, 15254539.0, 15254539.0, 15254539.0, 8776551.0, 15254539.0, 15254539.0, 15254539.0, 8776551.0, 8776551.0, 8776551.0, 8776551.0, 8776551.0, 15254539.0, 8776551.0, 15254539.0, 15254539.0, 8776551.0, 8776551.0, 8776551.0, 15254539.0, 15254539.0, 8776551.0, 8776551.0]","[1650, 1153, 1153, 1153, 1153, 1153, 1153, 1153, 1153, 1153, 1153, 1153, 1153, 1153, 581, 1153, 1153, 1153, 581, 581, 581, 581, 581, 1153, 581, 1153, 1153, 581, 581, 581, 1153, 1153, 581, 581]"
116027,303.0,67683766.0,471940368.0,"[22647248.0, 15448558.0, 15448558.0, 15448558.0, 15448558.0, 15448558.0, 15448558.0, 15448558.0, 15448558.0, 15448558.0, 15448558.0, 15448558.0, 15448558.0, 15448558.0, 9118737.0, 15448558.0, 15448558.0, 15448558.0, 9118737.0, 9118737.0, 9118737.0, 9118737.0, 9118737.0, 15448558.0, 9118737.0, 15448558.0, 15448558.0, 9118737.0, 9118737.0, 9118737.0, 15448558.0, 15448558.0, 9118737.0, 9118737.0, 15448558.0]","[1700, 1164, 1164, 1164, 1164, 1164, 1164, 1164, 1164, 1164, 1164, 1164, 1164, 1164, 599, 1164, 1164, 1164, 599, 599, 599, 599, 599, 1164, 599, 1164, 1164, 599, 599, 599, 1164, 1164, 599, 599, 1164]"
116109,303.0,67735999.0,99785103.0,"[9125299.0, 22664951.0, 22664951.0, 22664951.0, 22664951.0]","[600, 1700, 1700, 1700, 1700]"
121873,303.0,71440551.0,505817174.0,"[23999381.0, 16144745.0, 16144745.0, 16144745.0, 16144745.0, 16144745.0, 16144745.0, 16144745.0, 16144745.0, 16144745.0, 16144745.0, 16144745.0, 16144745.0, 16144745.0, 9741031.0, 16144745.0, 16144745.0, 16144745.0, 9741031.0, 9741031.0, 9741031.0, 9741031.0, 9741031.0, 16144745.0, 9741031.0, 16144745.0, 16144745.0, 9741031.0, 9741031.0, 9741031.0, 16144745.0, 16144745.0, 9741031.0, 9741031.0, 16144745.0, 9741031.0]","[1750, 1189, 1189, 1189, 1189, 1189, 1189, 1189, 1189, 1189, 1189, 1189, 1189, 1189, 625, 1189, 1189, 1189, 625, 625, 625, 625, 625, 1189, 625, 1189, 1189, 625, 625, 625, 1189, 1189, 625, 625, 1189, 625]"
122670,303.0,71954358.0,523129601.0,"[16244600.0, 24137381.0, 24137381.0, 24137381.0, 24137381.0, 24137381.0, 24137381.0, 24137381.0, 24137381.0, 24137381.0, 24137381.0, 24137381.0, 24137381.0, 24137381.0, 24137381.0, 24137381.0, 24137381.0, 24137381.0, 24137381.0, 24137381.0, 24137381.0, 24137381.0]","[1200, 1765, 1765, 1765, 1765, 1765, 1765, 1765, 1765, 1765, 1765, 1765, 1765, 1765, 1765, 1765, 1765, 1765, 1765, 1765, 1765, 1765]"
125746,303.0,73930843.0,527812919.0,"[24670187.0, 16436855.0, 16436855.0, 16436855.0, 16436855.0, 16436855.0, 16436855.0, 16436855.0, 16436855.0, 16436855.0, 16436855.0, 16436855.0, 16436855.0, 16436855.0, 10109423.0, 16436855.0, 16436855.0, 16436855.0, 10109423.0, 10109423.0, 10109423.0, 10109423.0, 10109423.0, 16436855.0, 10109423.0, 16436855.0, 16436855.0, 10109423.0, 10109423.0, 10109423.0, 16436855.0, 16436855.0, 10109423.0, 10109423.0, 16436855.0, 10109423.0, 10109423.0]","[1800, 1213, 1213, 1213, 1213, 1213, 1213, 1213, 1213, 1213, 1213, 1213, 1213, 1213, 643, 1213, 1213, 1213, 643, 643, 643, 643, 643, 1213, 643, 1213, 1213, 643, 643, 643, 1213, 1213, 643, 643, 1213, 643, 643]"
126586,303.0,74471253.0,134464623.0,"[10229123.0, 24847100.0, 24847100.0, 24847100.0, 24847100.0, 24847100.0]","[650, 1810, 1810, 1810, 1810, 1810]"
129366,303.0,76262261.0,559930761.0,"[25455325.0, 16839962.0, 16839962.0, 16839962.0, 16839962.0, 16839962.0, 16839962.0, 16839962.0, 16839962.0, 16839962.0, 16839962.0, 16839962.0, 16839962.0, 16839962.0, 10511165.0, 16839962.0, 16839962.0, 16839962.0, 10511165.0, 10511165.0, 10511165.0, 10511165.0, 10511165.0, 16839962.0, 10511165.0, 16839962.0, 16839962.0, 10511165.0, 10511165.0, 10511165.0, 16839962.0, 16839962.0, 10511165.0, 10511165.0, 16839962.0, 10511165.0, 10511165.0, 16839962.0]","[1850, 1234, 1234, 1234, 1234, 1234, 1234, 1234, 1234, 1234, 1234, 1234, 1234, 1234, 667, 1234, 1234, 1234, 667, 667, 667, 667, 667, 1234, 667, 1234, 1234, 667, 667, 667, 1234, 1234, 667, 667, 1234, 667, 667, 1234]"
132217,303.0,78087478.0,589183335.0,"[17097227.0, 26003914.0, 26003914.0, 26003914.0, 26003914.0, 26003914.0, 26003914.0, 26003914.0, 26003914.0, 26003914.0, 26003914.0, 26003914.0, 26003914.0, 26003914.0, 26003914.0, 26003914.0, 26003914.0, 26003914.0, 26003914.0, 26003914.0, 26003914.0, 26003914.0, 26003914.0]","[1250, 1875, 1875, 1875, 1875, 1875, 1875, 1875, 1875, 1875, 1875, 1875, 1875, 1875, 1875, 1875, 1875, 1875, 1875, 1875, 1875, 1875, 1875]"
133587,303.0,78969415.0,590632168.0,"[26212090.0, 17182267.0, 17182267.0, 17182267.0, 17182267.0, 17182267.0, 17182267.0, 17182267.0, 17182267.0, 17182267.0, 17182267.0, 17182267.0, 17182267.0, 17182267.0, 10860405.0, 17182267.0, 17182267.0, 17182267.0, 10860405.0, 10860405.0, 10860405.0, 10860405.0, 10860405.0, 17182267.0, 10860405.0, 17182267.0, 17182267.0, 10860405.0, 10860405.0, 10860405.0, 17182267.0, 17182267.0, 10860405.0, 10860405.0, 17182267.0, 10860405.0, 10860405.0, 17182267.0, 17182267.0]","[1900, 1255, 1255, 1255, 1255, 1255, 1255, 1255, 1255, 1255, 1255, 1255, 1255, 1255, 688, 1255, 1255, 1255, 688, 688, 688, 688, 688, 1255, 688, 1255, 1255, 688, 688, 688, 1255, 1255, 688, 688, 1255, 688, 688, 1255, 1255]"
135804,303.0,80398916.0,171362953.0,"[11164639.0, 26699719.0, 26699719.0, 26699719.0, 26699719.0, 26699719.0, 26699719.0]","[700, 1915, 1915, 1915, 1915, 1915, 1915]"
139995,303.0,82644322.0,632352107.0,"[27752096.0, 17646631.0, 17646631.0, 17646631.0, 17646631.0, 17646631.0, 17646631.0, 17646631.0, 17646631.0, 17646631.0, 17646631.0, 17646631.0, 17646631.0, 17646631.0, 11673874.0, 17646631.0, 17646631.0, 17646631.0, 11673874.0, 11673874.0, 11673874.0, 11673874.0, 11673874.0, 17646631.0, 11673874.0, 17646631.0, 17646631.0, 11673874.0, 11673874.0, 11673874.0, 17646631.0, 17646631.0, 11673874.0, 11673874.0, 17646631.0, 11673874.0, 11673874.0, 17646631.0, 17646631.0, 17646631.0]","[1950, 1268, 1268, 1268, 1268, 1268, 1268, 1268, 1268, 1268, 1268, 1268, 1268, 1268, 718, 1268, 1268, 1268, 718, 718, 718, 718, 718, 1268, 718, 1268, 1268, 718, 718, 718, 1268, 1268, 718, 718, 1268, 718, 718, 1268, 1268, 1268]"
144502,409.0,1841533.0,407775.0,"[297568.0, 110207.0]","[100, 38]"
145529,409.0,2322846.0,601020.0,"[436548.0, 164472.0]","[150, 59]"
146496,409.0,2772991.0,760290.0,"[570260.0, 190030.0]","[200, 66]"
14189,303.0,85301761.0,1490869.0,"[507468.0, 983401.0]","[50, 75]"
15262,303.0,85986096.0,1904769.0,"[1253400.0, 651369.0]","[100, 63]"
17062,303.0,87140310.0,4670037.0,"[1082095.0, 1793971.0, 1793971.0]","[100, 142, 142]"
17361,303.0,87333676.0,4152742.0,"[1887292.0, 1132725.0, 1132725.0]","[150, 104, 104]"
19210,303.0,88521577.0,8743691.0,"[1681856.0, 2353945.0, 2353945.0, 2353945.0]","[150, 187, 187, 187]"
19787,303.0,88892750.0,7925013.0,"[2493840.0, 1810391.0, 1810391.0, 1810391.0]","[200, 160, 160, 160]"
21502,303.0,89993049.0,13694357.0,"[2437229.0, 2814282.0, 2814282.0, 2814282.0, 2814282.0]","[200, 226, 226, 226, 226]"
22628,303.0,90716630.0,13976829.0,"[3100401.0, 2719107.0, 2719107.0, 2719107.0, 2719107.0]","[250, 231, 231, 231, 231]"
23702,303.0,91406286.0,19848406.0,"[2973751.0, 3374931.0, 3374931.0, 3374931.0, 3374931.0, 3374931.0]","[250, 270, 270, 270, 270, 270]"
25555,303.0,92600450.0,21142819.0,"[3769564.0, 3474651.0, 3474651.0, 3474651.0, 3474651.0, 3474651.0]","[300, 289, 289, 289, 289, 289]"
25883,303.0,92812197.0,26593774.0,"[3618436.0, 3829223.0, 3829223.0, 3829223.0, 3829223.0, 3829223.0, 3829223.0]","[300, 306, 306, 306, 306, 306, 306]"
28437,303.0,94450411.0,34869379.0,"[4219907.0, 4378496.0, 4378496.0, 4378496.0, 4378496.0, 4378496.0, 4378496.0, 4378496.0]","[350, 345, 345, 345, 345, 345, 345, 345]"
28913,303.0,94756998.0,30594723.0,"[4462359.0, 4355394.0, 4355394.0, 4355394.0, 4355394.0, 4355394.0, 4355394.0]","[350, 362, 362, 362, 362, 362, 362]"
30389,303.0,95704658.0,42477724.0,"[4848644.0, 4703635.0, 4703635.0, 4703635.0, 4703635.0, 4703635.0, 4703635.0, 4703635.0, 4703635.0]","[400, 367, 367, 367, 367, 367, 367, 367, 367]"
32763,303.0,97231982.0,42382511.0,"[5045029.0, 5333926.0, 5333926.0, 5333926.0, 5333926.0, 5333926.0, 5333926.0, 5333926.0]","[400, 445, 445, 445, 445, 445, 445, 445]"
32917,303.0,97331570.0,50894778.0,"[5385153.0, 5056625.0, 5056625.0, 5056625.0, 5056625.0, 5056625.0, 5056625.0, 5056625.0, 5056625.0, 5056625.0]","[450, 401, 401, 401, 401, 401, 401, 401, 401, 401]"
35338,303.0,98889112.0,60012044.0,"[5752584.0, 5425946.0, 5425946.0, 5425946.0, 5425946.0, 5425946.0, 5425946.0, 5425946.0, 5425946.0, 5425946.0, 5425946.0]","[500, 434, 434, 434, 434, 434, 434, 434, 434, 434, 434]"
36419,303.0,99585583.0,53743078.0,"[5673230.0, 6008731.0, 6008731.0, 6008731.0, 6008731.0, 6008731.0, 6008731.0, 6008731.0, 6008731.0]","[450, 519, 519, 519, 519, 519, 519, 519, 519]"
38086,303.0,100656567.0,72286917.0,"[6331412.0, 5995955.0, 5995955.0, 5995955.0, 5995955.0, 5995955.0, 5995955.0, 5995955.0, 5995955.0, 5995955.0, 5995955.0, 5995955.0]","[550, 473, 473, 473, 473, 473, 473, 473, 473, 473, 473, 473]"
39101,303.0,101311518.0,65371675.0,"[6292777.0, 6564322.0, 6564322.0, 6564322.0, 6564322.0, 6564322.0, 6564322.0, 6564322.0, 6564322.0, 6564322.0]","[500, 566, 566, 566, 566, 566, 566, 566, 566, 566]"
41137,303.0,102618229.0,88461894.0,"[7006038.0, 6787988.0, 6787988.0, 6787988.0, 6787988.0, 6787988.0, 6787988.0, 6787988.0, 6787988.0, 6787988.0, 6787988.0, 6787988.0, 6787988.0]","[600, 536, 536, 536, 536, 536, 536, 536, 536, 536, 536, 536, 536]"
41827,303.0,103062769.0,79980119.0,"[6980109.0, 7300001.0, 7300001.0, 7300001.0, 7300001.0, 7300001.0, 7300001.0, 7300001.0, 7300001.0, 7300001.0, 7300001.0]","[550, 620, 620, 620, 620, 620, 620, 620, 620, 620, 620]"
42947,303.0,103781571.0,100698743.0,"[7755269.0, 7149498.0, 7149498.0, 7149498.0, 7149498.0, 7149498.0, 7149498.0, 7149498.0, 7149498.0, 7149498.0, 7149498.0, 7149498.0, 7149498.0, 7149498.0]","[650, 557, 557, 557, 557, 557, 557, 557, 557, 557, 557, 557, 557, 557]"
45872,303.0,105659749.0,115223966.0,"[8564924.0, 7618503.0, 7618503.0, 7618503.0, 7618503.0, 7618503.0, 7618503.0, 7618503.0, 7618503.0, 7618503.0, 7618503.0, 7618503.0, 7618503.0, 7618503.0, 7618503.0]","[700, 572, 572, 572, 572, 572, 572, 572, 572, 572, 572, 572, 572, 572, 572]"
47294,303.0,106576130.0,106401049.0,"[7995104.0, 8945995.0, 8945995.0, 8945995.0, 8945995.0, 8945995.0, 8945995.0, 8945995.0, 8945995.0, 8945995.0, 8945995.0, 8945995.0]","[600, 716, 716, 716, 716, 716, 716, 716, 716, 716, 716, 716]"
49192,303.0,107797406.0,121893336.0,"[8543112.0, 9445852.0, 9445852.0, 9445852.0, 9445852.0, 9445852.0, 9445852.0, 9445852.0, 9445852.0, 9445852.0, 9445852.0, 9445852.0, 9445852.0]","[650, 736, 736, 736, 736, 736, 736, 736, 736, 736, 736, 736, 736]"
49736,303.0,108146521.0,140171739.0,"[9679809.0, 8699462.0, 8699462.0, 8699462.0, 8699462.0, 8699462.0, 8699462.0, 8699462.0, 8699462.0, 8699462.0, 8699462.0, 8699462.0, 8699462.0, 8699462.0, 8699462.0, 8699462.0]","[750, 664, 664, 664, 664, 664, 664, 664, 664, 664, 664, 664, 664, 664, 664, 664]"
50988,303.0,108954242.0,138530751.0,"[9072422.0, 9958333.0, 9958333.0, 9958333.0, 9958333.0, 9958333.0, 9958333.0, 9958333.0, 9958333.0, 9958333.0, 9958333.0, 9958333.0, 9958333.0, 9958333.0]","[700, 774, 774, 774, 774, 774, 774, 774, 774, 774, 774, 774, 774, 774]"
51976,303.0,109588957.0,159633256.0,"[10301128.0, 9333258.0, 9333258.0, 9333258.0, 9333258.0, 9333258.0, 9333258.0, 9333258.0, 9333258.0, 9333258.0, 9333258.0, 9333258.0, 9333258.0, 9333258.0, 9333258.0, 9333258.0, 9333258.0]","[800, 721, 721, 721, 721, 721, 721, 721, 721, 721, 721, 721, 721, 721, 721, 721, 721]"
53569,303.0,110615020.0,173147936.0,"[10841915.0, 9547413.0, 9547413.0, 9547413.0, 9547413.0, 9547413.0, 9547413.0, 9547413.0, 9547413.0, 9547413.0, 9547413.0, 9547413.0, 9547413.0, 9547413.0, 9547413.0, 9547413.0, 9547413.0, 9547413.0]","[850, 748, 748, 748, 748, 748, 748, 748, 748, 748, 748, 748, 748, 748, 748, 748, 748, 748]"
53705,303.0,110703434.0,161787364.0,"[9573484.0, 10872420.0, 10872420.0, 10872420.0, 10872420.0, 10872420.0, 10872420.0, 10872420.0, 10872420.0, 10872420.0, 10872420.0, 10872420.0, 10872420.0, 10872420.0, 10872420.0]","[750, 855, 855, 855, 855, 855, 855, 855, 855, 855, 855, 855, 855, 855, 855]"
55330,303.0,111747420.0,190936898.0,"[11417660.0, 9973291.0, 9973291.0, 9973291.0, 9973291.0, 9973291.0, 9973291.0, 9973291.0, 9973291.0, 9973291.0, 9973291.0, 9973291.0, 9973291.0, 9973291.0, 9973291.0, 9973291.0, 9973291.0, 9973291.0, 9973291.0]","[900, 767, 767, 767, 767, 767, 767, 767, 767, 767, 767, 767, 767, 767, 767, 767, 767, 767, 767]"
57938,303.0,113423038.0,214743771.0,"[11883716.0, 10676845.0, 10676845.0, 10676845.0, 10676845.0, 10676845.0, 10676845.0, 10676845.0, 10676845.0, 10676845.0, 10676845.0, 10676845.0, 10676845.0, 10676845.0, 10676845.0, 10676845.0, 10676845.0, 10676845.0, 10676845.0, 10676845.0]","[950, 780, 780, 780, 780, 780, 780, 780, 780, 780, 780, 780, 780, 780, 780, 780, 780, 780, 780, 780]"
59407,303.0,114369222.0,195170843.0,"[11058458.0, 12274159.0, 12274159.0, 12274159.0, 12274159.0, 12274159.0, 12274159.0, 12274159.0, 12274159.0, 12274159.0, 12274159.0, 12274159.0, 12274159.0, 12274159.0, 12274159.0, 12274159.0]","[800, 958, 958, 958, 958, 958, 958, 958, 958, 958, 958, 958, 958, 958, 958, 958]"
62071,303.0,116085631.0,220673784.0,"[11724840.0, 13059309.0, 13059309.0, 13059309.0, 13059309.0, 13059309.0, 13059309.0, 13059309.0, 13059309.0, 13059309.0, 13059309.0, 13059309.0, 13059309.0, 13059309.0, 13059309.0, 13059309.0, 13059309.0]","[850, 975, 975, 975, 975, 975, 975, 975, 975, 975, 975, 975, 975, 975, 975, 975, 975]"
63522,303.0,117016566.0,253627753.0,"[13585653.0, 12002105.0, 12002105.0, 12002105.0, 12002105.0, 12002105.0, 12002105.0, 12002105.0, 12002105.0, 12002105.0, 12002105.0, 12002105.0, 12002105.0, 12002105.0, 12002105.0, 12002105.0, 12002105.0, 12002105.0, 12002105.0, 12002105.0, 12002105.0]","[1000, 872, 872, 872, 872, 872, 872, 872, 872, 872, 872, 872, 872, 872, 872, 872, 872, 872, 872, 872, 872]"
65193,303.0,118093283.0,250296739.0,"[12462727.0, 13990236.0, 13990236.0, 13990236.0, 13990236.0, 13990236.0, 13990236.0, 13990236.0, 13990236.0, 13990236.0, 13990236.0, 13990236.0, 13990236.0, 13990236.0, 13990236.0, 13990236.0, 13990236.0, 13990236.0]","[900, 1032, 1032, 1032, 1032, 1032, 1032, 1032, 1032, 1032, 1032, 1032, 1032, 1032, 1032, 1032, 1032, 1032]"
66068,303.0,118654031.0,279240892.0,"[14190526.0, 12621446.0, 12621446.0, 12621446.0, 12621446.0, 12621446.0, 12621446.0, 12621446.0, 12621446.0, 12621446.0, 12621446.0, 12621446.0, 12621446.0, 12621446.0, 12621446.0, 12621446.0, 12621446.0, 12621446.0, 12621446.0, 12621446.0, 12621446.0, 12621446.0]","[1050, 915, 915, 915, 915, 915, 915, 915, 915, 915, 915, 915, 915, 915, 915, 915, 915, 915, 915, 915, 915, 915]"
68568,303.0,120260181.0,278717915.0,"[13281707.0, 14746456.0, 14746456.0, 14746456.0, 14746456.0, 14746456.0, 14746456.0, 14746456.0, 14746456.0, 14746456.0, 14746456.0, 14746456.0, 14746456.0, 14746456.0, 14746456.0, 14746456.0, 14746456.0, 14746456.0, 14746456.0]","[950, 1097, 1097, 1097, 1097, 1097, 1097, 1097, 1097, 1097, 1097, 1097, 1097, 1097, 1097, 1097, 1097, 1097, 1097]"
68755,303.0,120379399.0,308087833.0,"[14798463.0, 13331335.0, 13331335.0, 13331335.0, 13331335.0, 13331335.0, 13331335.0, 13331335.0, 13331335.0, 13331335.0, 13331335.0, 13331335.0, 13331335.0, 13331335.0, 13331335.0, 13331335.0, 13331335.0, 13331335.0, 13331335.0, 13331335.0, 13331335.0, 13331335.0, 13331335.0]","[1100, 951, 951, 951, 951, 951, 951, 951, 951, 951, 951, 951, 951, 951, 951, 951, 951, 951, 951, 951, 951, 951, 951]"
71213,303.0,121963858.0,337680626.0,"[15474040.0, 14008982.0, 14008982.0, 14008982.0, 14008982.0, 14008982.0, 14008982.0, 14008982.0, 14008982.0, 14008982.0, 14008982.0, 14008982.0, 14008982.0, 14008982.0, 14008982.0, 14008982.0, 14008982.0, 14008982.0, 14008982.0, 14008982.0, 14008982.0, 14008982.0, 14008982.0, 14008982.0]","[1150, 980, 980, 980, 980, 980, 980, 980, 980, 980, 980, 980, 980, 980, 980, 980, 980, 980, 980, 980, 980, 980, 980, 980]"
72992,303.0,123109833.0,317353962.0,"[14414371.0, 15944189.0, 15944189.0, 15944189.0, 15944189.0, 15944189.0, 15944189.0, 15944189.0, 15944189.0, 15944189.0, 15944189.0, 15944189.0, 15944189.0, 15944189.0, 15944189.0, 15944189.0, 15944189.0, 15944189.0, 15944189.0, 15944189.0]","[1000, 1176, 1176, 1176, 1176, 1176, 1176, 1176, 1176, 1176, 1176, 1176, 1176, 1176, 1176, 1176, 1176, 1176, 1176, 1176]"
74548,303.0,124109420.0,371732106.0,"[16404666.0, 14805310.0, 14805310.0, 14805310.0, 14805310.0, 14805310.0, 14805310.0, 14805310.0, 14805310.0, 14805310.0, 14805310.0, 14805310.0, 14805310.0, 14805310.0, 14805310.0, 14805310.0, 14805310.0, 14805310.0, 14805310.0, 14805310.0, 14805310.0, 14805310.0, 14805310.0, 14805310.0, 14805310.0]","[1200, 1020, 1020, 1020, 1020, 1020, 1020, 1020, 1020, 1020, 1020, 1020, 1020, 1020, 1020, 1020, 1020, 1020, 1020, 1020, 1020, 1020, 1020, 1020, 1020]"
76471,303.0,125347068.0,355680625.0,"[15378345.0, 17015114.0, 17015114.0, 17015114.0, 17015114.0, 17015114.0, 17015114.0, 17015114.0, 17015114.0, 17015114.0, 17015114.0, 17015114.0, 17015114.0, 17015114.0, 17015114.0, 17015114.0, 17015114.0, 17015114.0, 17015114.0, 17015114.0, 17015114.0]","[1050, 1228, 1228, 1228, 1228, 1228, 1228, 1228, 1228, 1228, 1228, 1228, 1228, 1228, 1228, 1228, 1228, 1228, 1228, 1228, 1228]"
77870,303.0,126248494.0,411550050.0,"[17497000.0, 15762122.0, 15762122.0, 15762122.0, 15762122.0, 15762122.0, 15762122.0, 15762122.0, 15762122.0, 15762122.0, 15762122.0, 15762122.0, 15762122.0, 15762122.0, 15762122.0, 15762122.0, 15762122.0, 15762122.0, 15762122.0, 15762122.0, 15762122.0, 15762122.0, 15762122.0, 15762122.0, 15762122.0, 15762122.0]","[1250, 1070, 1070, 1070, 1070, 1070, 1070, 1070, 1070, 1070, 1070, 1070, 1070, 1070, 1070, 1070, 1070, 1070, 1070, 1070, 1070, 1070, 1070, 1070, 1070, 1070]"
79618,303.0,127373234.0,397848910.0,"[16275046.0, 18170184.0, 18170184.0, 18170184.0, 18170184.0, 18170184.0, 18170184.0, 18170184.0, 18170184.0, 18170184.0, 18170184.0, 18170184.0, 18170184.0, 18170184.0, 18170184.0, 18170184.0, 18170184.0, 18170184.0, 18170184.0, 18170184.0, 18170184.0, 18170184.0]","[1100, 1289, 1289, 1289, 1289, 1289, 1289, 1289, 1289, 1289, 1289, 1289, 1289, 1289, 1289, 1289, 1289, 1289, 1289, 1289, 1289, 1289]"
80193,303.0,127746091.0,443899841.0,"[18386155.0, 16365911.0, 16365911.0, 16365911.0, 16365911.0, 16365911.0, 16365911.0, 16365911.0, 16365911.0, 16365911.0, 16365911.0, 16365911.0, 16365911.0, 16365911.0, 16365911.0, 16365911.0, 16365911.0, 16365911.0, 16365911.0, 16365911.0, 16365911.0, 16365911.0, 16365911.0, 16365911.0, 16365911.0, 16365911.0, 16365911.0]","[1300, 1112, 1112, 1112, 1112, 1112, 1112, 1112, 1112, 1112, 1112, 1112, 1112, 1112, 1112, 1112, 1112, 1112, 1112, 1112, 1112, 1112, 1112, 1112, 1112, 1112, 1112]"
82220,303.0,129045132.0,435323867.0,"[16939109.0, 19017489.0, 19017489.0, 19017489.0, 19017489.0, 19017489.0, 19017489.0, 19017489.0, 19017489.0, 19017489.0, 19017489.0, 19017489.0, 19017489.0, 19017489.0, 19017489.0, 19017489.0, 19017489.0, 19017489.0, 19017489.0, 19017489.0, 19017489.0, 19017489.0, 19017489.0]","[1150, 1338, 1338, 1338, 1338, 1338, 1338, 1338, 1338, 1338, 1338, 1338, 1338, 1338, 1338, 1338, 1338, 1338, 1338, 1338, 1338, 1338, 1338]"
82810,303.0,129426167.0,481374245.0,"[19118153.0, 17120596.0, 17120596.0, 17120596.0, 17120596.0, 17120596.0, 17120596.0, 17120596.0, 17120596.0, 17120596.0, 17120596.0, 17120596.0, 17120596.0, 17120596.0, 17120596.0, 17120596.0, 17120596.0, 17120596.0, 17120596.0, 17120596.0, 17120596.0, 17120596.0, 17120596.0, 17120596.0, 17120596.0, 17120596.0, 17120596.0, 17120596.0]","[1350, 1161, 1161, 1161, 1161, 1161, 1161, 1161, 1161, 1161, 1161, 1161, 1161, 1161, 1161, 1161, 1161, 1161, 1161, 1161, 1161, 1161, 1161, 1161, 1161, 1161, 1161, 1161]"
12868,303.0,132129346.0,1444098.0,"[832785.0, 611313.0]","[50, 44]"
13277,303.0,132387070.0,1592098.0,"[678330.0, 913768.0]","[50, 57]"
15791,303.0,133986166.0,3900857.0,"[1228719.0, 1336069.0, 1336069.0]","[100, 86, 86]"
16757,303.0,134607538.0,4493167.0,"[1509205.0, 1491981.0, 1491981.0]","[100, 120, 120]"
18231,303.0,135555441.0,7332905.0,"[1864217.0, 1822896.0, 1822896.0, 1822896.0]","[150, 123, 123, 123]"
19559,303.0,136408840.0,8779262.0,"[2149598.0, 2209888.0, 2209888.0, 2209888.0]","[150, 179, 179, 179]"
20640,303.0,137105530.0,12315491.0,"[2461107.0, 2463596.0, 2463596.0, 2463596.0, 2463596.0]","[200, 173, 173, 173, 173]"
21877,303.0,137899963.0,13876276.0,"[2765032.0, 2777811.0, 2777811.0, 2777811.0, 2777811.0]","[200, 225, 225, 225, 225]"
23604,303.0,139010402.0,18723059.0,"[3143569.0, 3115898.0, 3115898.0, 3115898.0, 3115898.0, 3115898.0]","[250, 232, 232, 232, 232, 232]"
24549,303.0,139617946.0,20505386.0,"[3339921.0, 3433093.0, 3433093.0, 3433093.0, 3433093.0, 3433093.0]","[250, 271, 271, 271, 271, 271]"
26706,303.0,141005275.0,26976320.0,"[3819176.0, 3859524.0, 3859524.0, 3859524.0, 3859524.0, 3859524.0, 3859524.0]","[300, 288, 288, 288, 288, 288, 288]"
28253,303.0,141997861.0,29159373.0,"[4064775.0, 4182433.0, 4182433.0, 4182433.0, 4182433.0, 4182433.0, 4182433.0]","[300, 327, 327, 327, 327, 327, 327]"
30501,303.0,143442988.0,36100354.0,"[4487542.0, 4516116.0, 4516116.0, 4516116.0, 4516116.0, 4516116.0, 4516116.0, 4516116.0]","[350, 342, 342, 342, 342, 342, 342, 342]"
30833,303.0,143656611.0,36597161.0,"[4585734.0, 4573061.0, 4573061.0, 4573061.0, 4573061.0, 4573061.0, 4573061.0, 4573061.0]","[350, 358, 358, 358, 358, 358, 358, 358]"
32160,303.0,144510683.0,2070869.0,"[965697.0, 1105172.0]","[100, 113]"
34075,303.0,145742318.0,45804749.0,"[4992637.0, 5101514.0, 5101514.0, 5101514.0, 5101514.0, 5101514.0, 5101514.0, 5101514.0, 5101514.0]","[400, 392, 392, 392, 392, 392, 392, 392, 392]"
34765,303.0,146186192.0,45082731.0,"[5173659.0, 4988634.0, 4988634.0, 4988634.0, 4988634.0, 4988634.0, 4988634.0, 4988634.0, 4988634.0]","[400, 401, 401, 401, 401, 401, 401, 401, 401]"
37555,303.0,147981461.0,55263700.0,"[5607208.0, 5517388.0, 5517388.0, 5517388.0, 5517388.0, 5517388.0, 5517388.0, 5517388.0, 5517388.0, 5517388.0]","[450, 430, 430, 430, 430, 430, 430, 430, 430, 430]"
39045,303.0,148939442.0,59997660.0,"[5794278.0, 6022598.0, 6022598.0, 6022598.0, 6022598.0, 6022598.0, 6022598.0, 6022598.0, 6022598.0, 6022598.0]","[450, 479, 479, 479, 479, 479, 479, 479, 479, 479]"
40194,303.0,149677236.0,66143094.0,"[6330614.0, 5981248.0, 5981248.0, 5981248.0, 5981248.0, 5981248.0, 5981248.0, 5981248.0, 5981248.0, 5981248.0, 5981248.0]","[500, 462, 462, 462, 462, 462, 462, 462, 462, 462, 462]"
41227,303.0,150339851.0,3199268.0,"[1465034.0, 1734234.0]","[150, 171]"
42174,303.0,150951844.0,74931945.0,"[6436005.0, 6849594.0, 6849594.0, 6849594.0, 6849594.0, 6849594.0, 6849594.0, 6849594.0, 6849594.0, 6849594.0, 6849594.0]","[500, 529, 529, 529, 529, 529, 529, 529, 529, 529, 529]"
45049,303.0,152797263.0,88099932.0,"[7203809.0, 7354193.0, 7354193.0, 7354193.0, 7354193.0, 7354193.0, 7354193.0, 7354193.0, 7354193.0, 7354193.0, 7354193.0, 7354193.0]","[550, 548, 548, 548, 548, 548, 548, 548, 548, 548, 548, 548]"
45160,303.0,152868995.0,87133092.0,"[7381596.0, 7250136.0, 7250136.0, 7250136.0, 7250136.0, 7250136.0, 7250136.0, 7250136.0, 7250136.0, 7250136.0, 7250136.0, 7250136.0]","[550, 553, 553, 553, 553, 553, 553, 553, 553, 553, 553, 553]"
46532,303.0,153751397.0,5334550.0,"[2400029.0, 2934521.0]","[200, 228]"
47873,303.0,154615436.0,99518992.0,"[8103652.0, 7617945.0, 7617945.0, 7617945.0, 7617945.0, 7617945.0, 7617945.0, 7617945.0, 7617945.0, 7617945.0, 7617945.0, 7617945.0, 7617945.0]","[600, 571, 571, 571, 571, 571, 571, 571, 571, 571, 571, 571, 571]"
49662,303.0,155766325.0,6627398.0,"[3505228.0, 3122170.0]","[250, 241]"
49815,303.0,155864627.0,111964131.0,"[8655783.0, 7946796.0, 7946796.0, 7946796.0, 7946796.0, 7946796.0, 7946796.0, 7946796.0, 7946796.0, 7946796.0, 7946796.0, 7946796.0, 7946796.0, 7946796.0]","[650, 592, 592, 592, 592, 592, 592, 592, 592, 592, 592, 592, 592, 592]"
50176,303.0,156096846.0,112914672.0,"[8037072.0, 8739800.0, 8739800.0, 8739800.0, 8739800.0, 8739800.0, 8739800.0, 8739800.0, 8739800.0, 8739800.0, 8739800.0, 8739800.0, 8739800.0]","[600, 661, 661, 661, 661, 661, 661, 661, 661, 661, 661, 661, 661]"
51749,303.0,157108283.0,127217408.0,"[9137474.0, 8434281.0, 8434281.0, 8434281.0, 8434281.0, 8434281.0, 8434281.0, 8434281.0, 8434281.0, 8434281.0, 8434281.0, 8434281.0, 8434281.0, 8434281.0, 8434281.0]","[700, 635, 635, 635, 635, 635, 635, 635, 635, 635, 635, 635, 635, 635, 635]"
52361,303.0,157501614.0,129004299.0,"[8607542.0, 9261289.0, 9261289.0, 9261289.0, 9261289.0, 9261289.0, 9261289.0, 9261289.0, 9261289.0, 9261289.0, 9261289.0, 9261289.0, 9261289.0, 9261289.0]","[650, 708, 708, 708, 708, 708, 708, 708, 708, 708, 708, 708, 708, 708]"
54388,303.0,158804592.0,143982206.0,"[9144132.0, 9631291.0, 9631291.0, 9631291.0, 9631291.0, 9631291.0, 9631291.0, 9631291.0, 9631291.0, 9631291.0, 9631291.0, 9631291.0, 9631291.0, 9631291.0, 9631291.0]","[700, 743, 743, 743, 743, 743, 743, 743, 743, 743, 743, 743, 743, 743, 743]"
54974,303.0,159182675.0,149418850.0,"[9791335.0, 9308501.0, 9308501.0, 9308501.0, 9308501.0, 9308501.0, 9308501.0, 9308501.0, 9308501.0, 9308501.0, 9308501.0, 9308501.0, 9308501.0, 9308501.0, 9308501.0, 9308501.0]","[750, 714, 714, 714, 714, 714, 714, 714, 714, 714, 714, 714, 714, 714, 714, 714]"
57115,303.0,160559555.0,163673532.0,"[9690372.0, 10265544.0, 10265544.0, 10265544.0, 10265544.0, 10265544.0, 10265544.0, 10265544.0, 10265544.0, 10265544.0, 10265544.0, 10265544.0, 10265544.0, 10265544.0, 10265544.0, 10265544.0]","[750, 762, 762, 762, 762, 762, 762, 762, 762, 762, 762, 762, 762, 762, 762, 762]"
60435,303.0,162692561.0,179335111.0,"[11138439.0, 10512292.0, 10512292.0, 10512292.0, 10512292.0, 10512292.0, 10512292.0, 10512292.0, 10512292.0, 10512292.0, 10512292.0, 10512292.0, 10512292.0, 10512292.0, 10512292.0, 10512292.0, 10512292.0]","[800, 774, 774, 774, 774, 774, 774, 774, 774, 774, 774, 774, 774, 774, 774, 774, 774]"
61823,303.0,163587264.0,8416939.0,"[4397609.0, 4019330.0]","[300, 291]"
63017,303.0,164355161.0,198833742.0,"[11161022.0, 11729545.0, 11729545.0, 11729545.0, 11729545.0, 11729545.0, 11729545.0, 11729545.0, 11729545.0, 11729545.0, 11729545.0, 11729545.0, 11729545.0, 11729545.0, 11729545.0, 11729545.0, 11729545.0]","[800, 847, 847, 847, 847, 847, 847, 847, 847, 847, 847, 847, 847, 847, 847, 847, 847]"
63136,303.0,164431205.0,201672523.0,"[11752450.0, 11171769.0, 11171769.0, 11171769.0, 11171769.0, 11171769.0, 11171769.0, 11171769.0, 11171769.0, 11171769.0, 11171769.0, 11171769.0, 11171769.0, 11171769.0, 11171769.0, 11171769.0, 11171769.0, 11171769.0]","[850, 802, 802, 802, 802, 802, 802, 802, 802, 802, 802, 802, 802, 802, 802, 802, 802, 802]"
65798,303.0,166146868.0,223200373.0,"[12363061.0, 11713184.0, 11713184.0, 11713184.0, 11713184.0, 11713184.0, 11713184.0, 11713184.0, 11713184.0, 11713184.0, 11713184.0, 11713184.0, 11713184.0, 11713184.0, 11713184.0, 11713184.0, 11713184.0, 11713184.0, 11713184.0]","[900, 848, 848, 848, 848, 848, 848, 848, 848, 848, 848, 848, 848, 848, 848, 848, 848, 848, 848]"
65873,303.0,166195522.0,221901031.0,"[11733856.0, 12362775.0, 12362775.0, 12362775.0, 12362775.0, 12362775.0, 12362775.0, 12362775.0, 12362775.0, 12362775.0, 12362775.0, 12362775.0, 12362775.0, 12362775.0, 12362775.0, 12362775.0, 12362775.0, 12362775.0]","[850, 901, 901, 901, 901, 901, 901, 901, 901, 901, 901, 901, 901, 901, 901, 901, 901, 901]"
68952,303.0,168175604.0,247918681.0,"[12515851.0, 13077935.0, 13077935.0, 13077935.0, 13077935.0, 13077935.0, 13077935.0, 13077935.0, 13077935.0, 13077935.0, 13077935.0, 13077935.0, 13077935.0, 13077935.0, 13077935.0, 13077935.0, 13077935.0, 13077935.0, 13077935.0]","[900, 947, 947, 947, 947, 947, 947, 947, 947, 947, 947, 947, 947, 947, 947, 947, 947, 947, 947]"
69150,303.0,168302214.0,251169087.0,"[13142103.0, 12527736.0, 12527736.0, 12527736.0, 12527736.0, 12527736.0, 12527736.0, 12527736.0, 12527736.0, 12527736.0, 12527736.0, 12527736.0, 12527736.0, 12527736.0, 12527736.0, 12527736.0, 12527736.0, 12527736.0, 12527736.0, 12527736.0]","[950, 905, 905, 905, 905, 905, 905, 905, 905, 905, 905, 905, 905, 905, 905, 905, 905, 905, 905, 905]"
72589,303.0,170516195.0,282932838.0,"[14024518.0, 13445416.0, 13445416.0, 13445416.0, 13445416.0, 13445416.0, 13445416.0, 13445416.0, 13445416.0, 13445416.0, 13445416.0, 13445416.0, 13445416.0, 13445416.0, 13445416.0, 13445416.0, 13445416.0, 13445416.0, 13445416.0, 13445416.0, 13445416.0]","[1000, 947, 947, 947, 947, 947, 947, 947, 947, 947, 947, 947, 947, 947, 947, 947, 947, 947, 947, 947, 947]"
73116,303.0,170854071.0,283351608.0,"[13542089.0, 14200501.0, 14200501.0, 14200501.0, 14200501.0, 14200501.0, 14200501.0, 14200501.0, 14200501.0, 14200501.0, 14200501.0, 14200501.0, 14200501.0, 14200501.0, 14200501.0, 14200501.0, 14200501.0, 14200501.0, 14200501.0, 14200501.0]","[950, 1002, 1002, 1002, 1002, 1002, 1002, 1002, 1002, 1002, 1002, 1002, 1002, 1002, 1002, 1002, 1002, 1002, 1002, 1002]"
76566,303.0,173074395.0,317759828.0,"[14457788.0, 15165102.0, 15165102.0, 15165102.0, 15165102.0, 15165102.0, 15165102.0, 15165102.0, 15165102.0, 15165102.0, 15165102.0, 15165102.0, 15165102.0, 15165102.0, 15165102.0, 15165102.0, 15165102.0, 15165102.0, 15165102.0, 15165102.0, 15165102.0]","[1000, 1049, 1049, 1049, 1049, 1049, 1049, 1049, 1049, 1049, 1049, 1049, 1049, 1049, 1049, 1049, 1049, 1049, 1049, 1049, 1049]"
76584,303.0,173085478.0,318782738.0,"[15169190.0, 14457788.0, 14457788.0, 14457788.0, 14457788.0, 14457788.0, 14457788.0, 14457788.0, 14457788.0, 14457788.0, 14457788.0, 14457788.0, 14457788.0, 14457788.0, 14457788.0, 14457788.0, 14457788.0, 14457788.0, 14457788.0, 14457788.0, 14457788.0, 14457788.0]","[1050, 1000, 1000, 1000, 1000, 1000, 1000, 1000, 1000, 1000, 1000, 1000, 1000, 1000, 1000, 1000, 1000, 1000, 1000, 1000, 1000, 1000]"
77264,303.0,173522275.0,9661465.0,"[5197160.0, 4464305.0]","[350, 331]"
79673,303.0,175072250.0,351039618.0,"[16048368.0, 15226875.0, 15226875.0, 15226875.0, 15226875.0, 15226875.0, 15226875.0, 15226875.0, 15226875.0, 15226875.0, 15226875.0, 15226875.0, 15226875.0, 15226875.0, 15226875.0, 15226875.0, 15226875.0, 15226875.0, 15226875.0, 15226875.0, 15226875.0, 15226875.0, 15226875.0]","[1100, 1047, 1047, 1047, 1047, 1047, 1047, 1047, 1047, 1047, 1047, 1047, 1047, 1047, 1047, 1047, 1047, 1047, 1047, 1047, 1047, 1047, 1047]"
79797,303.0,175152078.0,352404549.0,"[15271683.0, 16053946.0, 16053946.0, 16053946.0, 16053946.0, 16053946.0, 16053946.0, 16053946.0, 16053946.0, 16053946.0, 16053946.0, 16053946.0, 16053946.0, 16053946.0, 16053946.0, 16053946.0, 16053946.0, 16053946.0, 16053946.0, 16053946.0, 16053946.0, 16053946.0]","[1050, 1101, 1101, 1101, 1101, 1101, 1101, 1101, 1101, 1101, 1101, 1101, 1101, 1101, 1101, 1101, 1101, 1101, 1101, 1101, 1101, 1101]"
82511,303.0,176895128.0,386328907.0,"[16726612.0, 16069665.0, 16069665.0, 16069665.0, 16069665.0, 16069665.0, 16069665.0, 16069665.0, 16069665.0, 16069665.0, 16069665.0, 16069665.0, 16069665.0, 16069665.0, 16069665.0, 16069665.0, 16069665.0, 16069665.0, 16069665.0, 16069665.0, 16069665.0, 16069665.0, 16069665.0, 16069665.0]","[1150, 1095, 1095, 1095, 1095, 1095, 1095, 1095, 1095, 1095, 1095, 1095, 1095, 1095, 1095, 1095, 1095, 1095, 1095, 1095, 1095, 1095, 1095, 1095]"
82642,303.0,176980444.0,384704720.0,"[16099560.0, 16754780.0, 16754780.0, 16754780.0, 16754780.0, 16754780.0, 16754780.0, 16754780.0, 16754780.0, 16754780.0, 16754780.0, 16754780.0, 16754780.0, 16754780.0, 16754780.0, 16754780.0, 16754780.0, 16754780.0, 16754780.0, 16754780.0, 16754780.0, 16754780.0, 16754780.0]","[1100, 1151, 1151, 1151, 1151, 1151, 1151, 1151, 1151, 1151, 1151, 1151, 1151, 1151, 1151, 1151, 1151, 1151, 1151, 1151, 1151, 1151, 1151]"
84969,303.0,178477928.0,414294209.0,"[16662734.0, 17288325.0, 17288325.0, 17288325.0, 17288325.0, 17288325.0, 17288325.0, 17288325.0, 17288325.0, 17288325.0, 17288325.0, 17288325.0, 17288325.0, 17288325.0, 17288325.0, 17288325.0, 17288325.0, 17288325.0, 17288325.0, 17288325.0, 17288325.0, 17288325.0, 17288325.0, 17288325.0]","[1150, 1195, 1195, 1195, 1195, 1195, 1195, 1195, 1195, 1195, 1195, 1195, 1195, 1195, 1195, 1195, 1195, 1195, 1195, 1195, 1195, 1195, 1195, 1195]"
85233,303.0,178645766.0,418207237.0,"[17363701.0, 16701814.0, 16701814.0, 16701814.0, 16701814.0, 16701814.0, 16701814.0, 16701814.0, 16701814.0, 16701814.0, 16701814.0, 16701814.0, 16701814.0, 16701814.0, 16701814.0, 16701814.0, 16701814.0, 16701814.0, 16701814.0, 16701814.0, 16701814.0, 16701814.0, 16701814.0, 16701814.0, 16701814.0]","[1200, 1153, 1153, 1153, 1153, 1153, 1153, 1153, 1153, 1153, 1153, 1153, 1153, 1153, 1153, 1153, 1153, 1153, 1153, 1153, 1153, 1153, 1153, 1153, 1153]"
87436,303.0,180065438.0,449123047.0,"[17362495.0, 17990023.0, 17990023.0, 17990023.0, 17990023.0, 17990023.0, 17990023.0, 17990023.0, 17990023.0, 17990023.0, 17990023.0, 17990023.0, 17990023.0, 17990023.0, 17990023.0, 17990023.0, 17990023.0, 17990023.0, 17990023.0, 17990023.0, 17990023.0, 17990023.0, 17990023.0, 17990023.0, 17990023.0]","[1200, 1241, 1241, 1241, 1241, 1241, 1241, 1241, 1241, 1241, 1241, 1241, 1241, 1241, 1241, 1241, 1241, 1241, 1241, 1241, 1241, 1241, 1241, 1241, 1241]"
87926,303.0,180382164.0,455999838.0,"[18100238.0, 17515984.0, 17515984.0, 17515984.0, 17515984.0, 17515984.0, 17515984.0, 17515984.0, 17515984.0, 17515984.0, 17515984.0, 17515984.0, 17515984.0, 17515984.0, 17515984.0, 17515984.0, 17515984.0, 17515984.0, 17515984.0, 17515984.0, 17515984.0, 17515984.0, 17515984.0, 17515984.0, 17515984.0, 17515984.0]","[1250, 1211, 1211, 1211, 1211, 1211, 1211, 1211, 1211, 1211, 1211, 1211, 1211, 1211, 1211, 1211, 1211, 1211, 1211, 1211, 1211, 1211, 1211, 1211, 1211, 1211]"
89976,303.0,181702114.0,479437788.0,"[18107813.0, 18453199.0, 18453199.0, 18453199.0, 18453199.0, 18453199.0, 18453199.0, 18453199.0, 18453199.0, 18453199.0, 18453199.0, 18453199.0, 18453199.0, 18453199.0, 18453199.0, 18453199.0, 18453199.0, 18453199.0, 18453199.0, 18453199.0, 18453199.0, 18453199.0, 18453199.0, 18453199.0, 18453199.0, 18453199.0]","[1250, 1291, 1291, 1291, 1291, 1291, 1291, 1291, 1291, 1291, 1291, 1291, 1291, 1291, 1291, 1291, 1291, 1291, 1291, 1291, 1291, 1291, 1291, 1291, 1291, 1291]"
90376,303.0,181958335.0,492261230.0,"[18525214.0, 18220616.0, 18220616.0, 18220616.0, 18220616.0, 18220616.0, 18220616.0, 18220616.0, 18220616.0, 18220616.0, 18220616.0, 18220616.0, 18220616.0, 18220616.0, 18220616.0, 18220616.0, 18220616.0, 18220616.0, 18220616.0, 18220616.0, 18220616.0, 18220616.0, 18220616.0, 18220616.0, 18220616.0, 18220616.0, 18220616.0]","[1300, 1256, 1256, 1256, 1256, 1256, 1256, 1256, 1256, 1256, 1256, 1256, 1256, 1256, 1256, 1256, 1256, 1256, 1256, 1256, 1256, 1256, 1256, 1256, 1256, 1256, 1256]"
92851,303.0,183554448.0,510692189.0,"[18623027.0, 18925737.0, 18925737.0, 18925737.0, 18925737.0, 18925737.0, 18925737.0, 18925737.0, 18925737.0, 18925737.0, 18925737.0, 18925737.0, 18925737.0, 18925737.0, 18925737.0, 18925737.0, 18925737.0, 18925737.0, 18925737.0, 18925737.0, 18925737.0, 18925737.0, 18925737.0, 18925737.0, 18925737.0, 18925737.0, 18925737.0]","[1300, 1334, 1334, 1334, 1334, 1334, 1334, 1334, 1334, 1334, 1334, 1334, 1334, 1334, 1334, 1334, 1334, 1334, 1334, 1334, 1334, 1334, 1334, 1334, 1334, 1334, 1334]"
93741,303.0,184129081.0,526704817.0,"[19140700.0, 18798671.0, 18798671.0, 18798671.0, 18798671.0, 18798671.0, 18798671.0, 18798671.0, 18798671.0, 18798671.0, 18798671.0, 18798671.0, 18798671.0, 18798671.0, 18798671.0, 18798671.0, 18798671.0, 18798671.0, 18798671.0, 18798671.0, 18798671.0, 18798671.0, 18798671.0, 18798671.0, 18798671.0, 18798671.0, 18798671.0, 18798671.0]","[1350, 1320, 1320, 1320, 1320, 1320, 1320, 1320, 1320, 1320, 1320, 1320, 1320, 1320, 1320, 1320, 1320, 1320, 1320, 1320, 1320, 1320, 1320, 1320, 1320, 1320, 1320, 1320]"
94049,303.0,184328787.0,11104503.0,"[5647468.0, 5457035.0]","[400, 411]"
95504,303.0,185263101.0,544852906.0,"[19216285.0, 19468023.0, 19468023.0, 19468023.0, 19468023.0, 19468023.0, 19468023.0, 19468023.0, 19468023.0, 19468023.0, 19468023.0, 19468023.0, 19468023.0, 19468023.0, 19468023.0, 19468023.0, 19468023.0, 19468023.0, 19468023.0, 19468023.0, 19468023.0, 19468023.0, 19468023.0, 19468023.0, 19468023.0, 19468023.0, 19468023.0, 19468023.0]","[1350, 1392, 1392, 1392, 1392, 1392, 1392, 1392, 1392, 1392, 1392, 1392, 1392, 1392, 1392, 1392, 1392, 1392, 1392, 1392, 1392, 1392, 1392, 1392, 1392, 1392, 1392, 1392]"
95826,303.0,185470667.0,559989322.0,"[19562694.0, 19300951.0, 19300951.0, 19300951.0, 19300951.0, 19300951.0, 19300951.0, 19300951.0, 19300951.0, 19300951.0, 19300951.0, 19300951.0, 19300951.0, 19300951.0, 19300951.0, 19300951.0, 19300951.0, 19300951.0, 19300951.0, 19300951.0, 19300951.0, 19300951.0, 19300951.0, 19300951.0, 19300951.0, 19300951.0, 19300951.0, 19300951.0, 19300951.0]","[1400, 1354, 1354, 1354, 1354, 1354, 1354, 1354, 1354, 1354, 1354, 1354, 1354, 1354, 1354, 1354, 1354, 1354, 1354, 1354, 1354, 1354, 1354, 1354, 1354, 1354, 1354, 1354, 1354]"
98296,303.0,187061619.0,593501966.0,"[20103265.0, 19772369.0, 19772369.0, 19772369.0, 19772369.0, 19772369.0, 19772369.0, 19772369.0, 19772369.0, 19772369.0, 19772369.0, 19772369.0, 19772369.0, 19772369.0, 19772369.0, 19772369.0, 19772369.0, 19772369.0, 19772369.0, 19772369.0, 19772369.0, 19772369.0, 19772369.0, 19772369.0, 19772369.0, 19772369.0, 19772369.0, 19772369.0, 19772369.0, 19772369.0]","[1450, 1398, 1398, 1398, 1398, 1398, 1398, 1398, 1398, 1398, 1398, 1398, 1398, 1398, 1398, 1398, 1398, 1398, 1398, 1398, 1398, 1398, 1398, 1398, 1398, 1398, 1398, 1398, 1398, 1398]"
98395,303.0,187125897.0,582804197.0,"[19784005.0, 20107864.0, 20107864.0, 20107864.0, 20107864.0, 20107864.0, 20107864.0, 20107864.0, 20107864.0, 20107864.0, 20107864.0, 20107864.0, 20107864.0, 20107864.0, 20107864.0, 20107864.0, 20107864.0, 20107864.0, 20107864.0, 20107864.0, 20107864.0, 20107864.0, 20107864.0, 20107864.0, 20107864.0, 20107864.0, 20107864.0, 20107864.0, 20107864.0]","[1400, 1451, 1451, 1451, 1451, 1451, 1451, 1451, 1451, 1451, 1451, 1451, 1451, 1451, 1451, 1451, 1451, 1451, 1451, 1451, 1451, 1451, 1451, 1451, 1451, 1451, 1451, 1451, 1451]"
100394,303.0,188413512.0,629177768.0,"[20639888.0, 20284596.0, 20284596.0, 20284596.0, 20284596.0, 20284596.0, 20284596.0, 20284596.0, 20284596.0, 20284596.0, 20284596.0, 20284596.0, 20284596.0, 20284596.0, 20284596.0, 20284596.0, 20284596.0, 20284596.0, 20284596.0, 20284596.0, 20284596.0, 20284596.0, 20284596.0, 20284596.0, 20284596.0, 20284596.0, 20284596.0, 20284596.0, 20284596.0, 20284596.0, 20284596.0]","[1500, 1441, 1441, 1441, 1441, 1441, 1441, 1441, 1441, 1441, 1441, 1441, 1441, 1441, 1441, 1441, 1441, 1441, 1441, 1441, 1441, 1441, 1441, 1441, 1441, 1441, 1441, 1441, 1441, 1441, 1441]"
100864,303.0,188716678.0,621312915.0,"[20370478.0, 20722153.0, 20722153.0, 20722153.0, 20722153.0, 20722153.0, 20722153.0, 20722153.0, 20722153.0, 20722153.0, 20722153.0, 20722153.0, 20722153.0, 20722153.0, 20722153.0, 20722153.0, 20722153.0, 20722153.0, 20722153.0, 20722153.0, 20722153.0, 20722153.0, 20722153.0, 20722153.0, 20722153.0, 20722153.0, 20722153.0, 20722153.0, 20722153.0, 20722153.0]","[1450, 1503, 1503, 1503, 1503, 1503, 1503, 1503, 1503, 1503, 1503, 1503, 1503, 1503, 1503, 1503, 1503, 1503, 1503, 1503, 1503, 1503, 1503, 1503, 1503, 1503, 1503, 1503, 1503, 1503]"
102837,303.0,189986788.0,656041167.0,"[20787417.0, 21175125.0, 21175125.0, 21175125.0, 21175125.0, 21175125.0, 21175125.0, 21175125.0, 21175125.0, 21175125.0, 21175125.0, 21175125.0, 21175125.0, 21175125.0, 21175125.0, 21175125.0, 21175125.0, 21175125.0, 21175125.0, 21175125.0, 21175125.0, 21175125.0, 21175125.0, 21175125.0, 21175125.0, 21175125.0, 21175125.0, 21175125.0, 21175125.0, 21175125.0, 21175125.0]","[1500, 1525, 1525, 1525, 1525, 1525, 1525, 1525, 1525, 1525, 1525, 1525, 1525, 1525, 1525, 1525, 1525, 1525, 1525, 1525, 1525, 1525, 1525, 1525, 1525, 1525, 1525, 1525, 1525, 1525, 1525]"
104056,303.0,190771987.0,674323863.0,"[21441078.0, 21060735.0, 21060735.0, 21060735.0, 21060735.0, 21060735.0, 21060735.0, 21060735.0, 21060735.0, 21060735.0, 21060735.0, 21060735.0, 21060735.0, 21060735.0, 21060735.0, 21060735.0, 21060735.0, 21060735.0, 21060735.0, 21060735.0, 21060735.0, 21060735.0, 21060735.0, 21060735.0, 21060735.0, 21060735.0, 21060735.0, 21060735.0, 21060735.0, 21060735.0, 21060735.0, 21060735.0]","[1550, 1523, 1523, 1523, 1523, 1523, 1523, 1523, 1523, 1523, 1523, 1523, 1523, 1523, 1523, 1523, 1523, 1523, 1523, 1523, 1523, 1523, 1523, 1523, 1523, 1523, 1523, 1523, 1523, 1523, 1523, 1523]"
105428,303.0,191652586.0,12196371.0,"[6021480.0, 6174891.0]","[450, 471]"
105712,303.0,191835532.0,694776736.0,"[21401494.0, 21721782.0, 21721782.0, 21721782.0, 21721782.0, 21721782.0, 21721782.0, 21721782.0, 21721782.0, 21721782.0, 21721782.0, 21721782.0, 21721782.0, 21721782.0, 21721782.0, 21721782.0, 21721782.0, 21721782.0, 21721782.0, 21721782.0, 21721782.0, 21721782.0, 21721782.0, 21721782.0, 21721782.0, 21721782.0, 21721782.0, 21721782.0, 21721782.0, 21721782.0, 21721782.0, 21721782.0]","[1550, 1576, 1576, 1576, 1576, 1576, 1576, 1576, 1576, 1576, 1576, 1576, 1576, 1576, 1576, 1576, 1576, 1576, 1576, 1576, 1576, 1576, 1576, 1576, 1576, 1576, 1576, 1576, 1576, 1576, 1576, 1576]"
106980,303.0,192649812.0,715751430.0,"[21967654.0, 21680743.0, 21680743.0, 21680743.0, 21680743.0, 21680743.0, 21680743.0, 21680743.0, 21680743.0, 21680743.0, 21680743.0, 21680743.0, 21680743.0, 21680743.0, 21680743.0, 21680743.0, 21680743.0, 21680743.0, 21680743.0, 21680743.0, 21680743.0, 21680743.0, 21680743.0, 21680743.0, 21680743.0, 21680743.0, 21680743.0, 21680743.0, 21680743.0, 21680743.0, 21680743.0, 21680743.0, 21680743.0]","[1600, 1566, 1566, 1566, 1566, 1566, 1566, 1566, 1566, 1566, 1566, 1566, 1566, 1566, 1566, 1566, 1566, 1566, 1566, 1566, 1566, 1566, 1566, 1566, 1566, 1566, 1566, 1566, 1566, 1566, 1566, 1566, 1566]"
108565,303.0,193664159.0,737519074.0,"[21989058.0, 22360313.0, 22360313.0, 22360313.0, 22360313.0, 22360313.0, 22360313.0, 22360313.0, 22360313.0, 22360313.0, 22360313.0, 22360313.0, 22360313.0, 22360313.0, 22360313.0, 22360313.0, 22360313.0, 22360313.0, 22360313.0, 22360313.0, 22360313.0, 22360313.0, 22360313.0, 22360313.0, 22360313.0, 22360313.0, 22360313.0, 22360313.0, 22360313.0, 22360313.0, 22360313.0, 22360313.0, 22360313.0]","[1600, 1628, 1628, 1628, 1628, 1628, 1628, 1628, 1628, 1628, 1628, 1628, 1628, 1628, 1628, 1628, 1628, 1628, 1628, 1628, 1628, 1628, 1628, 1628, 1628, 1628, 1628, 1628, 1628, 1628, 1628, 1628, 1628]"
109644,303.0,194362651.0,755194341.0,"[22614702.0, 22199383.0, 22199383.0, 22199383.0, 22199383.0, 22199383.0, 22199383.0, 22199383.0, 22199383.0, 22199383.0, 22199383.0, 22199383.0, 22199383.0, 22199383.0, 22199383.0, 22199383.0, 22199383.0, 22199383.0, 22199383.0, 22199383.0, 22199383.0, 22199383.0, 22199383.0, 22199383.0, 22199383.0, 22199383.0, 22199383.0, 22199383.0, 22199383.0, 22199383.0, 22199383.0, 22199383.0, 22199383.0, 22199383.0]","[1650, 1620, 1620, 1620, 1620, 1620, 1620, 1620, 1620, 1620, 1620, 1620, 1620, 1620, 1620, 1620, 1620, 1620, 1620, 1620, 1620, 1620, 1620, 1620, 1620, 1620, 1620, 1620, 1620, 1620, 1620, 1620, 1620, 1620]"
111015,303.0,195243065.0,776654253.0,"[22532478.0, 22852175.0, 22852175.0, 22852175.0, 22852175.0, 22852175.0, 22852175.0, 22852175.0, 22852175.0, 22852175.0, 22852175.0, 22852175.0, 22852175.0, 22852175.0, 22852175.0, 22852175.0, 22852175.0, 22852175.0, 22852175.0, 22852175.0, 22852175.0, 22852175.0, 22852175.0, 22852175.0, 22852175.0, 22852175.0, 22852175.0, 22852175.0, 22852175.0, 22852175.0, 22852175.0, 22852175.0, 22852175.0, 22852175.0]","[1650, 1679, 1679, 1679, 1679, 1679, 1679, 1679, 1679, 1679, 1679, 1679, 1679, 1679, 1679, 1679, 1679, 1679, 1679, 1679, 1679, 1679, 1679, 1679, 1679, 1679, 1679, 1679, 1679, 1679, 1679, 1679, 1679, 1679]"
113144,303.0,196611571.0,808407943.0,"[23097397.0, 23097369.0, 23097369.0, 23097369.0, 23097369.0, 23097369.0, 23097369.0, 23097369.0, 23097369.0, 23097369.0, 23097369.0, 23097369.0, 23097369.0, 23097369.0, 23097369.0, 23097369.0, 23097369.0, 23097369.0, 23097369.0, 23097369.0, 23097369.0, 23097369.0, 23097369.0, 23097369.0, 23097369.0, 23097369.0, 23097369.0, 23097369.0, 23097369.0, 23097369.0, 23097369.0, 23097369.0, 23097369.0, 23097369.0, 23097369.0]","[1700, 1694, 1694, 1694, 1694, 1694, 1694, 1694, 1694, 1694, 1694, 1694, 1694, 1694, 1694, 1694, 1694, 1694, 1694, 1694, 1694, 1694, 1694, 1694, 1694, 1694, 1694, 1694, 1694, 1694, 1694, 1694, 1694, 1694, 1694]"
113573,303.0,196889307.0,810470964.0,"[23119262.0, 23157403.0, 23157403.0, 23157403.0, 23157403.0, 23157403.0, 23157403.0, 23157403.0, 23157403.0, 23157403.0, 23157403.0, 23157403.0, 23157403.0, 23157403.0, 23157403.0, 23157403.0, 23157403.0, 23157403.0, 23157403.0, 23157403.0, 23157403.0, 23157403.0, 23157403.0, 23157403.0, 23157403.0, 23157403.0, 23157403.0, 23157403.0, 23157403.0, 23157403.0, 23157403.0, 23157403.0, 23157403.0, 23157403.0, 23157403.0]","[1700, 1704, 1704, 1704, 1704, 1704, 1704, 1704, 1704, 1704, 1704, 1704, 1704, 1704, 1704, 1704, 1704, 1704, 1704, 1704, 1704, 1704, 1704, 1704, 1704, 1704, 1704, 1704, 1704, 1704, 1704, 1704, 1704, 1704, 1704]"
114771,303.0,197659329.0,13445362.0,"[6611324.0, 6834038.0]","[500, 533]"
116966,303.0,199070064.0,861861499.0,"[23518084.0, 23952669.0, 23952669.0, 23952669.0, 23952669.0, 23952669.0, 23952669.0, 23952669.0, 23952669.0, 23952669.0, 23952669.0, 23952669.0, 23952669.0, 23952669.0, 23952669.0, 23952669.0, 23952669.0, 23952669.0, 23952669.0, 23952669.0, 23952669.0, 23952669.0, 23952669.0, 23952669.0, 23952669.0, 23952669.0, 23952669.0, 23952669.0, 23952669.0, 23952669.0, 23952669.0, 23952669.0, 23952669.0, 23952669.0, 23952669.0, 23952669.0]","[1750, 1727, 1727, 1727, 1727, 1727, 1727, 1727, 1727, 1727, 1727, 1727, 1727, 1727, 1727, 1727, 1727, 1727, 1727, 1727, 1727, 1727, 1727, 1727, 1727, 1727, 1727, 1727, 1727, 1727, 1727, 1727, 1727, 1727, 1727, 1727]"
120101,303.0,201084707.0,874874432.0,"[24593812.0, 24293732.0, 24293732.0, 24293732.0, 24293732.0, 24293732.0, 24293732.0, 24293732.0, 24293732.0, 24293732.0, 24293732.0, 24293732.0, 24293732.0, 24293732.0, 24293732.0, 24293732.0, 24293732.0, 24293732.0, 24293732.0, 24293732.0, 24293732.0, 24293732.0, 24293732.0, 24293732.0, 24293732.0, 24293732.0, 24293732.0, 24293732.0, 24293732.0, 24293732.0, 24293732.0, 24293732.0, 24293732.0, 24293732.0, 24293732.0, 24293732.0]","[1750, 1765, 1765, 1765, 1765, 1765, 1765, 1765, 1765, 1765, 1765, 1765, 1765, 1765, 1765, 1765, 1765, 1765, 1765, 1765, 1765, 1765, 1765, 1765, 1765, 1765, 1765, 1765, 1765, 1765, 1765, 1765, 1765, 1765, 1765, 1765]"
123294,303.0,203136694.0,927829567.0,"[25051015.0, 25077182.0, 25077182.0, 25077182.0, 25077182.0, 25077182.0, 25077182.0, 25077182.0, 25077182.0, 25077182.0, 25077182.0, 25077182.0, 25077182.0, 25077182.0, 25077182.0, 25077182.0, 25077182.0, 25077182.0, 25077182.0, 25077182.0, 25077182.0, 25077182.0, 25077182.0, 25077182.0, 25077182.0, 25077182.0, 25077182.0, 25077182.0, 25077182.0, 25077182.0, 25077182.0, 25077182.0, 25077182.0, 25077182.0, 25077182.0, 25077182.0, 25077182.0]","[1800, 1777, 1777, 1777, 1777, 1777, 1777, 1777, 1777, 1777, 1777, 1777, 1777, 1777, 1777, 1777, 1777, 1777, 1777, 1777, 1777, 1777, 1777, 1777, 1777, 1777, 1777, 1777, 1777, 1777, 1777, 1777, 1777, 1777, 1777, 1777, 1777]"
125095,303.0,204296001.0,937221668.0,"[25420076.0, 25327822.0, 25327822.0, 25327822.0, 25327822.0, 25327822.0, 25327822.0, 25327822.0, 25327822.0, 25327822.0, 25327822.0, 25327822.0, 25327822.0, 25327822.0, 25327822.0, 25327822.0, 25327822.0, 25327822.0, 25327822.0, 25327822.0, 25327822.0, 25327822.0, 25327822.0, 25327822.0, 25327822.0, 25327822.0, 25327822.0, 25327822.0, 25327822.0, 25327822.0, 25327822.0, 25327822.0, 25327822.0, 25327822.0, 25327822.0, 25327822.0, 25327822.0]","[1800, 1827, 1827, 1827, 1827, 1827, 1827, 1827, 1827, 1827, 1827, 1827, 1827, 1827, 1827, 1827, 1827, 1827, 1827, 1827, 1827, 1827, 1827, 1827, 1827, 1827, 1827, 1827, 1827, 1827, 1827, 1827, 1827, 1827, 1827, 1827, 1827]"
125117,303.0,204310123.0,15520600.0,"[7445630.0, 8074970.0]","[550, 594]"
127109,303.0,205590253.0,981979727.0,"[25600434.0, 25848089.0, 25848089.0, 25848089.0, 25848089.0, 25848089.0, 25848089.0, 25848089.0, 25848089.0, 25848089.0, 25848089.0, 25848089.0, 25848089.0, 25848089.0, 25848089.0, 25848089.0, 25848089.0, 25848089.0, 25848089.0, 25848089.0, 25848089.0, 25848089.0, 25848089.0, 25848089.0, 25848089.0, 25848089.0, 25848089.0, 25848089.0, 25848089.0, 25848089.0, 25848089.0, 25848089.0, 25848089.0, 25848089.0, 25848089.0, 25848089.0, 25848089.0, 25848089.0]","[1850, 1832, 1832, 1832, 1832, 1832, 1832, 1832, 1832, 1832, 1832, 1832, 1832, 1832, 1832, 1832, 1832, 1832, 1832, 1832, 1832, 1832, 1832, 1832, 1832, 1832, 1832, 1832, 1832, 1832, 1832, 1832, 1832, 1832, 1832, 1832, 1832, 1832]"
128558,303.0,206521325.0,982947915.0,"[26114854.0, 25860353.0, 25860353.0, 25860353.0, 25860353.0, 25860353.0, 25860353.0, 25860353.0, 25860353.0, 25860353.0, 25860353.0, 25860353.0, 25860353.0, 25860353.0, 25860353.0, 25860353.0, 25860353.0, 25860353.0, 25860353.0, 25860353.0, 25860353.0, 25860353.0, 25860353.0, 25860353.0, 25860353.0, 25860353.0, 25860353.0, 25860353.0, 25860353.0, 25860353.0, 25860353.0, 25860353.0, 25860353.0, 25860353.0, 25860353.0, 25860353.0, 25860353.0, 25860353.0]","[1850, 1868, 1868, 1868, 1868, 1868, 1868, 1868, 1868, 1868, 1868, 1868, 1868, 1868, 1868, 1868, 1868, 1868, 1868, 1868, 1868, 1868, 1868, 1868, 1868, 1868, 1868, 1868, 1868, 1868, 1868, 1868, 1868, 1868, 1868, 1868, 1868, 1868]"
130655,303.0,207867035.0,1035550834.0,"[26317764.0, 26558765.0, 26558765.0, 26558765.0, 26558765.0, 26558765.0, 26558765.0, 26558765.0, 26558765.0, 26558765.0, 26558765.0, 26558765.0, 26558765.0, 26558765.0, 26558765.0, 26558765.0, 26558765.0, 26558765.0, 26558765.0, 26558765.0, 26558765.0, 26558765.0, 26558765.0, 26558765.0, 26558765.0, 26558765.0, 26558765.0, 26558765.0, 26558765.0, 26558765.0, 26558765.0, 26558765.0, 26558765.0, 26558765.0, 26558765.0, 26558765.0, 26558765.0, 26558765.0, 26558765.0]","[1900, 1871, 1871, 1871, 1871, 1871, 1871, 1871, 1871, 1871, 1871, 1871, 1871, 1871, 1871, 1871, 1871, 1871, 1871, 1871, 1871, 1871, 1871, 1871, 1871, 1871, 1871, 1871, 1871, 1871, 1871, 1871, 1871, 1871, 1871, 1871, 1871, 1871, 1871]"
133373,303.0,209610957.0,1052841984.0,"[27093696.0, 26993376.0, 26993376.0, 26993376.0, 26993376.0, 26993376.0, 26993376.0, 26993376.0, 26993376.0, 26993376.0, 26993376.0, 26993376.0, 26993376.0, 26993376.0, 26993376.0, 26993376.0, 26993376.0, 26993376.0, 26993376.0, 26993376.0, 26993376.0, 26993376.0, 26993376.0, 26993376.0, 26993376.0, 26993376.0, 26993376.0, 26993376.0, 26993376.0, 26993376.0, 26993376.0, 26993376.0, 26993376.0, 26993376.0, 26993376.0, 26993376.0, 26993376.0, 26993376.0, 26993376.0]","[1900, 1926, 1926, 1926, 1926, 1926, 1926, 1926, 1926, 1926, 1926, 1926, 1926, 1926, 1926, 1926, 1926, 1926, 1926, 1926, 1926, 1926, 1926, 1926, 1926, 1926, 1926, 1926, 1926, 1926, 1926, 1926, 1926, 1926, 1926, 1926, 1926, 1926, 1926]"
135917,303.0,211252351.0,1103215514.0,"[27462641.0, 27583407.0, 27583407.0, 27583407.0, 27583407.0, 27583407.0, 27583407.0, 27583407.0, 27583407.0, 27583407.0, 27583407.0, 27583407.0, 27583407.0, 27583407.0, 27583407.0, 27583407.0, 27583407.0, 27583407.0, 27583407.0, 27583407.0, 27583407.0, 27583407.0, 27583407.0, 27583407.0, 27583407.0, 27583407.0, 27583407.0, 27583407.0, 27583407.0, 27583407.0, 27583407.0, 27583407.0, 27583407.0, 27583407.0, 27583407.0, 27583407.0, 27583407.0, 27583407.0, 27583407.0, 27583407.0]","[1950, 1923, 1923, 1923, 1923, 1923, 1923, 1923, 1923, 1923, 1923, 1923, 1923, 1923, 1923, 1923, 1923, 1923, 1923, 1923, 1923, 1923, 1923, 1923, 1923, 1923, 1923, 1923, 1923, 1923, 1923, 1923, 1923, 1923, 1923, 1923, 1923, 1923, 1923, 1923]"
136027,303.0,211323083.0,17205719.0,"[8311541.0, 8894178.0]","[600, 647]"
143191,303.0,213898492.0,1149905690.0,"[28268303.0, 28759933.0, 28759933.0, 28759933.0, 28759933.0, 28759933.0, 28759933.0, 28759933.0, 28759933.0, 28759933.0, 28759933.0, 28759933.0, 28759933.0, 28759933.0, 28759933.0, 28759933.0, 28759933.0, 28759933.0, 28759933.0, 28759933.0, 28759933.0, 28759933.0, 28759933.0, 28759933.0, 28759933.0, 28759933.0, 28759933.0, 28759933.0, 28759933.0, 28759933.0, 28759933.0, 28759933.0, 28759933.0, 28759933.0, 28759933.0, 28759933.0, 28759933.0, 28759933.0, 28759933.0, 28759933.0]","[1950, 1999, 1999, 1999, 1999, 1999, 1999, 1999, 1999, 1999, 1999, 1999, 1999, 1999, 1999, 1999, 1999, 1999, 1999, 1999, 1999, 1999, 1999, 1999, 1999, 1999, 1999, 1999, 1999, 1999, 1999, 1999, 1999, 1999, 1999, 1999, 1999, 1999, 1999, 1999]"
144324,303.0,213898492.0,1160077145.0,"[28779265.0, 28282447.0, 28282447.0, 28282447.0, 28282447.0, 28282447.0, 28282447.0, 28282447.0, 28282447.0, 28282447.0, 28282447.0, 28282447.0, 28282447.0, 28282447.0, 28282447.0, 28282447.0, 28282447.0, 28282447.0, 28282447.0, 28282447.0, 28282447.0, 28282447.0, 28282447.0, 28282447.0, 28282447.0, 28282447.0, 28282447.0, 28282447.0, 28282447.0, 28282447.0, 28282447.0, 28282447.0, 28282447.0, 28282447.0, 28282447.0, 28282447.0, 28282447.0, 28282447.0, 28282447.0, 28282447.0, 28282447.0]","[2000, 1951, 1951, 1951, 1951, 1951, 1951, 1951, 1951, 1951, 1951, 1951, 1951, 1951, 1951, 1951, 1951, 1951, 1951, 1951, 1951, 1951, 1951, 1951, 1951, 1951, 1951, 1951, 1951, 1951, 1951, 1951, 1951, 1951, 1951, 1951, 1951, 1951, 1951, 1951, 1951]"
144342,409.0,5185504.0,434674.0,"[298454.0, 136220.0]","[100, 37]"
145239,409.0,5630599.0,524308.0,"[150737.0, 373571.0]","[50, 132]"
145411,409.0,5711185.0,727549.0,"[409091.0, 159229.0, 159229.0]","[150, 54, 54]"
148310,409.0,6646866.0,896575.0,"[373349.0, 523226.0]","[100, 190]"
