CoflowId,ArrivalTime,FlowNum,MapperId,ReducerId,PacketArrival,PacketSize,PacketMean,PacketVariance,Src,Dst
56,250568,224,25,0,1597156568.896384,332,332,230113017,00:00:00:00:00:03,00:00:00:00:00:09
56,250568,224,12,0,1597156569.200438,330,332,230113017,00:00:00:00:00:06,00:00:00:00:00:09
56,250568,224,25,8,1597156571.723416,331,332,230113017,00:00:00:00:00:03,00:00:00:00:00:09
56,250568,224,12,8,1597156572.260342,330,332,230113017,00:00:00:00:00:06,00:00:00:00:00:09
56,250568,224,25,16,1597156574.49799,329,332,230113017,00:00:00:00:00:03,00:00:00:00:00:09
56,250568,224,12,16,1597156575.786014,336,332,230113017,00:00:00:00:00:06,00:00:00:00:00:09
56,250568,224,25,24,1597156577.252927,332,332,230113017,00:00:00:00:00:03,00:00:00:00:00:09
56,250568,224,12,24,1597156579.314741,335,332,230113017,00:00:00:00:00:06,00:00:00:00:00:09
56,250568,224,25,32,1597156579.453436,328,332,230113017,00:00:00:00:00:03,00:00:00:00:00:09
56,250568,224,12,32,1597156582.39667,333,332,230113017,00:00:00:00:00:06,00:00:00:00:00:09
56,250568,224,25,64,1597156586.270388,330,332,230113017,00:00:00:00:00:03,00:00:00:00:00:09
56,250568,224,25,88,1597156592.180551,331,332,230113017,00:00:00:00:00:03,00:00:00:00:00:09
56,250568,224,12,64,1597156592.183355,329,332,230113017,00:00:00:00:00:06,00:00:00:00:00:09
56,250568,224,25,96,1597156593.93639,335,332,230113017,00:00:00:00:00:03,00:00:00:00:00:09
58,275501,42,89,8,1597156595.416791,615,627,994427735,00:00:00:00:00:03,00:00:00:00:00:09
56,250568,224,25,104,1597156596.453675,332,332,230113017,00:00:00:00:00:03,00:00:00:00:00:09
56,250568,224,25,112,1597156597.704974,331,332,230113017,00:00:00:00:00:03,00:00:00:00:00:09
58,275501,42,89,24,1597156598.563837,629,627,994427735,00:00:00:00:00:03,00:00:00:00:00:09
58,275501,42,89,32,1597156599.100185,628,627,994427735,00:00:00:00:00:03,00:00:00:00:00:09
56,250568,224,25,120,1597156600.074274,332,332,230113017,00:00:00:00:00:03,00:00:00:00:00:09
56,250568,224,12,88,1597156600.112409,334,332,230113017,00:00:00:00:00:06,00:00:00:00:00:09
56,250568,224,25,128,1597156602.468872,330,332,230113017,00:00:00:00:00:03,00:00:00:00:00:09
56,250568,224,12,96,1597156602.636152,333,332,230113017,00:00:00:00:00:06,00:00:00:00:00:09
58,275501,42,89,56,1597156604.136178,624,627,994427735,00:00:00:00:00:03,00:00:00:00:00:09
56,250568,224,25,136,1597156604.747057,331,332,230113017,00:00:00:00:00:03,00:00:00:00:00:09
58,275501,42,89,64,1597156604.758126,627,627,994427735,00:00:00:00:00:03,00:00:00:00:00:09
56,250568,224,12,104,1597156605.307305,334,332,230113017,00:00:00:00:00:06,00:00:00:00:00:09
56,250568,224,12,112,1597156606.888603,331,332,230113017,00:00:00:00:00:06,00:00:00:00:00:09
56,250568,224,25,144,1597156608.224489,330,332,230113017,00:00:00:00:00:03,00:00:00:00:00:09
56,250568,224,12,120,1597156609.649206,332,332,230113017,00:00:00:00:00:06,00:00:00:00:00:09
58,275501,42,89,96,1597156610.086898,620,627,994427735,00:00:00:00:00:03,00:00:00:00:00:09
56,250568,224,25,0,1597156610.087621,331,332,230113017,00:00:00:00:00:03,00:00:00:00:00:09
58,275501,42,89,128,1597156611.333591,615,627,994427735,00:00:00:00:00:03,00:00:00:00:00:09
56,250568,224,12,128,1597156612.536368,332,332,230113017,00:00:00:00:00:06,00:00:00:00:00:09
56,250568,224,25,8,1597156612.786162,328,332,230113017,00:00:00:00:00:03,00:00:00:00:00:09
58,275501,42,89,8,1597156613.772161,620,627,994427735,00:00:00:00:00:03,00:00:00:00:00:09
68,348312,252,31,104,1597156671.206569,839,829,446982620,00:00:00:00:00:01,00:00:00:00:00:09
68,348312,252,31,104,1597156676.308335,833,829,446982620,00:00:00:00:00:01,00:00:00:00:00:09
68,348312,252,31,104,1597156682.711498,835,829,446982620,00:00:00:00:00:01,00:00:00:00:00:09
68,348312,252,31,104,1597156688.280031,828,829,446982620,00:00:00:00:00:01,00:00:00:00:00:09
68,348312,252,31,104,1597156693.680868,830,829,446982620,00:00:00:00:00:01,00:00:00:00:00:09
68,348312,252,55,104,1597156699.37162,826,829,446982620,00:00:00:00:00:01,00:00:00:00:00:09
68,348312,252,71,104,1597156704.687214,824,829,446982620,00:00:00:00:00:01,00:00:00:00:00:09
68,348312,252,31,104,1597156711.179149,833,829,446982620,00:00:00:00:00:01,00:00:00:00:00:09
68,348312,252,55,104,1597156717.520097,832,829,446982620,00:00:00:00:00:01,00:00:00:00:00:09
68,348312,252,71,104,1597156723.504043,832,829,446982620,00:00:00:00:00:01,00:00:00:00:00:09
68,348312,252,31,104,1597156729.43183,828,829,446982620,00:00:00:00:00:01,00:00:00:00:00:09
68,348312,252,55,104,1597156736.295639,828,829,446982620,00:00:00:00:00:01,00:00:00:00:00:09
68,348312,252,71,104,1597156742.253507,823,829,446982620,00:00:00:00:00:01,00:00:00:00:00:09
68,348312,252,79,104,1597156747.857848,827,829,446982620,00:00:00:00:00:01,00:00:00:00:00:09
68,348312,252,31,104,1597156753.305767,820,829,446982620,00:00:00:00:00:01,00:00:00:00:00:09
68,348312,252,55,104,1597156759.276219,828,829,446982620,00:00:00:00:00:01,00:00:00:00:00:09
68,348312,252,71,104,1597156765.182982,829,829,446982620,00:00:00:00:00:01,00:00:00:00:00:09
68,348312,252,79,104,1597156771.306803,831,829,446982620,00:00:00:00:00:01,00:00:00:00:00:09
68,348312,252,95,104,1597156777.874292,822,829,446982620,00:00:00:00:00:01,00:00:00:00:00:09
68,348312,252,31,104,1597156783.389953,835,829,446982620,00:00:00:00:00:01,00:00:00:00:00:09
68,348312,252,55,104,1597156789.202036,832,829,446982620,00:00:00:00:00:01,00:00:00:00:00:09
68,348312,252,71,104,1597156795.938495,827,829,446982620,00:00:00:00:00:01,00:00:00:00:00:09
68,348312,252,79,104,1597156802.751847,827,829,446982620,00:00:00:00:00:01,00:00:00:00:00:09
68,348312,252,95,104,1597156809.051236,833,829,446982620,00:00:00:00:00:01,00:00:00:00:00:09
68,348312,252,31,104,1597156815.132179,832,829,446982620,00:00:00:00:00:01,00:00:00:00:00:09
68,348312,252,55,104,1597156821.446592,829,829,446982620,00:00:00:00:00:01,00:00:00:00:00:09
68,348312,252,71,104,1597156827.468042,835,829,446982620,00:00:00:00:00:01,00:00:00:00:00:09
68,348312,252,79,104,1597156834.088178,826,829,446982620,00:00:00:00:00:01,00:00:00:00:00:09
68,348312,252,95,104,1597156840.642444,826,829,446982620,00:00:00:00:00:01,00:00:00:00:00:09
68,348312,252,31,104,1597156846.996512,829,829,446982620,00:00:00:00:00:01,00:00:00:00:00:09
68,348312,252,55,104,1597156852.851116,837,829,446982620,00:00:00:00:00:01,00:00:00:00:00:09
68,348312,252,71,104,1597156858.663782,826,829,446982620,00:00:00:00:00:01,00:00:00:00:00:09
68,348312,252,79,104,1597156864.858723,831,829,446982620,00:00:00:00:00:01,00:00:00:00:00:09
68,348312,252,95,104,1597156870.388962,824,829,446982620,00:00:00:00:00:01,00:00:00:00:00:09
68,348312,252,31,104,1597156876.453572,831,829,446982620,00:00:00:00:00:01,00:00:00:00:00:09
68,348312,252,55,104,1597156882.127623,829,829,446982620,00:00:00:00:00:01,00:00:00:00:00:09
68,348312,252,71,104,1597156888.009791,837,829,446982620,00:00:00:00:00:01,00:00:00:00:00:09
68,348312,252,79,104,1597156893.39278,831,829,446982620,00:00:00:00:00:01,00:00:00:00:00:09
68,348312,252,95,104,1597156899.036908,834,829,446982620,00:00:00:00:00:01,00:00:00:00:00:09
68,348312,252,31,104,1597156904.757973,821,829,446982620,00:00:00:00:00:01,00:00:00:00:00:09
68,348312,252,55,104,1597156910.753401,830,829,446982620,00:00:00:00:00:01,00:00:00:00:00:09
68,348312,252,71,104,1597156917.441326,825,829,446982620,00:00:00:00:00:01,00:00:00:00:00:09
68,348312,252,79,104,1597156924.075032,825,829,446982620,00:00:00:00:00:01,00:00:00:00:00:09
68,348312,252,95,104,1597156930.326297,826,829,446982620,00:00:00:00:00:01,00:00:00:00:00:09
68,348312,252,31,104,1597156935.663614,817,829,446982620,00:00:00:00:00:01,00:00:00:00:00:09
68,348312,252,55,104,1597156941.029225,823,829,446982620,00:00:00:00:00:01,00:00:00:00:00:09
68,348312,252,71,104,1597156946.889611,821,829,446982620,00:00:00:00:00:01,00:00:00:00:00:09
68,348312,252,79,104,1597156952.531963,834,829,446982620,00:00:00:00:00:01,00:00:00:00:00:09
68,348312,252,95,104,1597156958.745593,819,829,446982620,00:00:00:00:00:01,00:00:00:00:00:09
68,348312,252,31,104,1597156964.474895,824,829,446982620,00:00:00:00:00:01,00:00:00:00:00:09
68,348312,252,55,104,1597156970.503718,826,829,446982620,00:00:00:00:00:01,00:00:00:00:00:09
68,348312,252,71,104,1597156976.285783,830,829,446982620,00:00:00:00:00:01,00:00:00:00:00:09
68,348312,252,79,104,1597156982.565429,827,829,446982620,00:00:00:00:00:01,00:00:00:00:00:09
68,348312,252,95,104,1597156987.68747,830,829,446982620,00:00:00:00:00:01,00:00:00:00:00:09
68,348312,252,31,104,1597156992.620908,828,829,446982620,00:00:00:00:00:01,00:00:00:00:00:09
68,348312,252,55,104,1597156997.730958,825,829,446982620,00:00:00:00:00:01,00:00:00:00:00:09
68,348312,252,71,104,1597157002.521563,835,829,446982620,00:00:00:00:00:01,00:00:00:00:00:09
68,348312,252,79,104,1597157007.05325,824,829,446982620,00:00:00:00:00:01,00:00:00:00:00:09
68,348312,252,95,104,1597157011.213075,836,829,446982620,00:00:00:00:00:01,00:00:00:00:00:09
68,348312,252,31,104,1597157015.580955,830,829,446982620,00:00:00:00:00:01,00:00:00:00:00:09
68,348312,252,55,104,1597157020.050896,825,829,446982620,00:00:00:00:00:01,00:00:00:00:00:09
68,348312,252,71,104,1597157024.644706,822,829,446982620,00:00:00:00:00:01,00:00:00:00:00:09
68,348312,252,79,104,1597157028.710306,833,829,446982620,00:00:00:00:00:01,00:00:00:00:00:09
68,348312,252,95,104,1597157033.222018,831,829,446982620,00:00:00:00:00:01,00:00:00:00:00:09
68,348312,252,31,104,1597157038.969062,818,829,446982620,00:00:00:00:00:01,00:00:00:00:00:09
68,348312,252,55,104,1597157043.153607,829,829,446982620,00:00:00:00:00:01,00:00:00:00:00:09
68,348312,252,71,104,1597157047.287994,828,829,446982620,00:00:00:00:00:01,00:00:00:00:00:09
68,348312,252,79,104,1597157051.351765,828,829,446982620,00:00:00:00:00:01,00:00:00:00:00:09
68,348312,252,95,104,1597157055.580431,829,829,446982620,00:00:00:00:00:01,00:00:00:00:00:09
68,348312,252,31,104,1597157060.006198,827,829,446982620,00:00:00:00:00:01,00:00:00:00:00:09
68,348312,252,55,104,1597157064.080923,833,829,446982620,00:00:00:00:00:01,00:00:00:00:00:09
68,348312,252,71,104,1597157067.82,823,829,446982620,00:00:00:00:00:01,00:00:00:00:00:09
68,348312,252,79,104,1597157072.146038,825,829,446982620,00:00:00:00:00:01,00:00:00:00:00:09
68,348312,252,95,104,1597157076.280406,819,829,446982620,00:00:00:00:00:01,00:00:00:00:00:09
68,348312,252,31,104,1597157080.908847,823,829,446982620,00:00:00:00:00:01,00:00:00:00:00:09
68,348312,252,55,104,1597157084.748994,821,829,446982620,00:00:00:00:00:01,00:00:00:00:00:09
68,348312,252,71,104,1597157088.175318,835,829,446982620,00:00:00:00:00:01,00:00:00:00:00:09
68,348312,252,79,104,1597157091.544376,831,829,446982620,00:00:00:00:00:01,00:00:00:00:00:09
68,348312,252,95,104,1597157095.509729,828,829,446982620,00:00:00:00:00:01,00:00:00:00:00:09
68,348312,252,31,104,1597157099.160253,831,829,446982620,00:00:00:00:00:01,00:00:00:00:00:09
68,348312,252,55,104,1597157102.969463,831,829,446982620,00:00:00:00:00:01,00:00:00:00:00:09
68,348312,252,71,104,1597157106.327574,832,829,446982620,00:00:00:00:00:01,00:00:00:00:00:09
68,348312,252,79,104,1597157107.908225,822,829,446982620,00:00:00:00:00:01,00:00:00:00:00:09
68,348312,252,95,104,1597157109.328665,826,829,446982620,00:00:00:00:00:01,00:00:00:00:00:09
68,348312,252,8,104,1597157142.734977,834,829,446982620,00:00:00:00:00:02,00:00:00:00:00:09
68,348312,252,8,104,1597157146.63445,826,829,446982620,00:00:00:00:00:02,00:00:00:00:00:09
68,348312,252,8,104,1597157151.671149,822,829,446982620,00:00:00:00:00:02,00:00:00:00:00:09
68,348312,252,8,104,1597157156.017668,823,829,446982620,00:00:00:00:00:02,00:00:00:00:00:09
68,348312,252,16,104,1597157160.632274,830,829,446982620,00:00:00:00:00:02,00:00:00:00:00:09
68,348312,252,8,104,1597157164.839628,828,829,446982620,00:00:00:00:00:02,00:00:00:00:00:09
68,348312,252,16,104,1597157169.721098,830,829,446982620,00:00:00:00:00:02,00:00:00:00:00:09
68,348312,252,8,104,1597157174.247936,827,829,446982620,00:00:00:00:00:02,00:00:00:00:00:09
68,348312,252,16,104,1597157178.635249,829,829,446982620,00:00:00:00:00:02,00:00:00:00:00:09
68,348312,252,80,104,1597157183.508458,834,829,446982620,00:00:00:00:00:02,00:00:00:00:00:09
68,348312,252,8,104,1597157187.93661,829,829,446982620,00:00:00:00:00:02,00:00:00:00:00:09
68,348312,252,16,104,1597157192.51505,827,829,446982620,00:00:00:00:00:02,00:00:00:00:00:09
68,348312,252,80,104,1597157196.961595,831,829,446982620,00:00:00:00:00:02,00:00:00:00:00:09
68,348312,252,8,104,1597157201.875565,823,829,446982620,00:00:00:00:00:02,00:00:00:00:00:09
68,348312,252,16,104,1597157205.587224,834,829,446982620,00:00:00:00:00:02,00:00:00:00:00:09
68,348312,252,80,104,1597157209.895072,833,829,446982620,00:00:00:00:00:02,00:00:00:00:00:09
68,348312,252,112,104,1597157213.847576,834,829,446982620,00:00:00:00:00:02,00:00:00:00:00:09
68,348312,252,8,104,1597157217.853167,828,829,446982620,00:00:00:00:00:02,00:00:00:00:00:09
68,348312,252,16,104,1597157221.951232,829,829,446982620,00:00:00:00:00:02,00:00:00:00:00:09
68,348312,252,80,104,1597157226.089989,822,829,446982620,00:00:00:00:00:02,00:00:00:00:00:09
68,348312,252,112,104,1597157231.059471,826,829,446982620,00:00:00:00:00:02,00:00:00:00:00:09
68,348312,252,8,104,1597157235.381276,824,829,446982620,00:00:00:00:00:02,00:00:00:00:00:09
68,348312,252,16,104,1597157239.460401,828,829,446982620,00:00:00:00:00:02,00:00:00:00:00:09
68,348312,252,80,104,1597157243.486584,833,829,446982620,00:00:00:00:00:02,00:00:00:00:00:09
68,348312,252,112,104,1597157247.191035,835,829,446982620,00:00:00:00:00:02,00:00:00:00:00:09
68,348312,252,8,104,1597157251.399796,827,829,446982620,00:00:00:00:00:02,00:00:00:00:00:09
68,348312,252,16,104,1597157256.212131,831,829,446982620,00:00:00:00:00:02,00:00:00:00:00:09
68,348312,252,80,104,1597157261.643558,826,829,446982620,00:00:00:00:00:02,00:00:00:00:00:09
68,348312,252,112,104,1597157266.79305,822,829,446982620,00:00:00:00:00:02,00:00:00:00:00:09
68,348312,252,8,104,1597157271.21205,832,829,446982620,00:00:00:00:00:02,00:00:00:00:00:09
68,348312,252,16,104,1597157275.060514,831,829,446982620,00:00:00:00:00:02,00:00:00:00:00:09
68,348312,252,80,104,1597157279.601252,826,829,446982620,00:00:00:00:00:02,00:00:00:00:00:09
68,348312,252,112,104,1597157284.044206,821,829,446982620,00:00:00:00:00:02,00:00:00:00:00:09
68,348312,252,8,104,1597157288.110559,823,829,446982620,00:00:00:00:00:02,00:00:00:00:00:09
68,348312,252,16,104,1597157292.942478,826,829,446982620,00:00:00:00:00:02,00:00:00:00:00:09
68,348312,252,80,104,1597157297.645159,834,829,446982620,00:00:00:00:00:02,00:00:00:00:00:09
68,348312,252,112,104,1597157302.184724,830,829,446982620,00:00:00:00:00:02,00:00:00:00:00:09
68,348312,252,8,104,1597157306.787767,826,829,446982620,00:00:00:00:00:02,00:00:00:00:00:09
68,348312,252,16,104,1597157311.785707,833,829,446982620,00:00:00:00:00:02,00:00:00:00:00:09
68,348312,252,80,104,1597157316.02193,828,829,446982620,00:00:00:00:00:02,00:00:00:00:00:09
68,348312,252,112,104,1597157320.175471,826,829,446982620,00:00:00:00:00:02,00:00:00:00:00:09
68,348312,252,8,104,1597157323.588767,832,829,446982620,00:00:00:00:00:02,00:00:00:00:00:09
68,348312,252,16,104,1597157328.535506,832,829,446982620,00:00:00:00:00:02,00:00:00:00:00:09
68,348312,252,80,104,1597157333.566599,827,829,446982620,00:00:00:00:00:02,00:00:00:00:00:09
68,348312,252,112,104,1597157338.014509,834,829,446982620,00:00:00:00:00:02,00:00:00:00:00:09
68,348312,252,8,104,1597157342.536793,826,829,446982620,00:00:00:00:00:02,00:00:00:00:00:09
68,348312,252,16,104,1597157346.862199,829,829,446982620,00:00:00:00:00:02,00:00:00:00:00:09
68,348312,252,80,104,1597157351.319708,833,829,446982620,00:00:00:00:00:02,00:00:00:00:00:09
68,348312,252,112,104,1597157355.579529,829,829,446982620,00:00:00:00:00:02,00:00:00:00:00:09
68,348312,252,8,104,1597157360.138149,827,829,446982620,00:00:00:00:00:02,00:00:00:00:00:09
68,348312,252,16,104,1597157364.175378,833,829,446982620,00:00:00:00:00:02,00:00:00:00:00:09
68,348312,252,80,104,1597157368.228497,832,829,446982620,00:00:00:00:00:02,00:00:00:00:00:09
68,348312,252,112,104,1597157372.702722,827,829,446982620,00:00:00:00:00:02,00:00:00:00:00:09
68,348312,252,8,104,1597157376.592219,823,829,446982620,00:00:00:00:00:02,00:00:00:00:00:09
68,348312,252,16,104,1597157380.411662,826,829,446982620,00:00:00:00:00:02,00:00:00:00:00:09
68,348312,252,80,104,1597157384.862245,824,829,446982620,00:00:00:00:00:02,00:00:00:00:00:09
68,348312,252,112,104,1597157390.072583,826,829,446982620,00:00:00:00:00:02,00:00:00:00:00:09
68,348312,252,8,104,1597157394.631482,831,829,446982620,00:00:00:00:00:02,00:00:00:00:00:09
68,348312,252,16,104,1597157399.304506,838,829,446982620,00:00:00:00:00:02,00:00:00:00:00:09
68,348312,252,80,104,1597157404.13415,825,829,446982620,00:00:00:00:00:02,00:00:00:00:00:09
68,348312,252,112,104,1597157408.291275,824,829,446982620,00:00:00:00:00:02,00:00:00:00:00:09
68,348312,252,8,104,1597157412.921295,830,829,446982620,00:00:00:00:00:02,00:00:00:00:00:09
68,348312,252,16,104,1597157417.347241,833,829,446982620,00:00:00:00:00:02,00:00:00:00:00:09
68,348312,252,80,104,1597157422.175956,838,829,446982620,00:00:00:00:00:02,00:00:00:00:00:09
68,348312,252,112,104,1597157426.357015,828,829,446982620,00:00:00:00:00:02,00:00:00:00:00:09
68,348312,252,8,104,1597157430.944258,824,829,446982620,00:00:00:00:00:02,00:00:00:00:00:09
68,348312,252,16,104,1597157435.423541,827,829,446982620,00:00:00:00:00:02,00:00:00:00:00:09
68,348312,252,80,104,1597157439.17922,823,829,446982620,00:00:00:00:00:02,00:00:00:00:00:09
68,348312,252,112,104,1597157443.990262,831,829,446982620,00:00:00:00:00:02,00:00:00:00:00:09
68,348312,252,8,104,1597157447.55783,824,829,446982620,00:00:00:00:00:02,00:00:00:00:00:09
68,348312,252,16,104,1597157451.893942,827,829,446982620,00:00:00:00:00:02,00:00:00:00:00:09
68,348312,252,80,104,1597157455.680956,831,829,446982620,00:00:00:00:00:02,00:00:00:00:00:09
68,348312,252,112,104,1597157459.690894,833,829,446982620,00:00:00:00:00:02,00:00:00:00:00:09
68,348312,252,8,104,1597157463.144236,826,829,446982620,00:00:00:00:00:02,00:00:00:00:00:09
68,348312,252,16,104,1597157466.957299,831,829,446982620,00:00:00:00:00:02,00:00:00:00:00:09
68,348312,252,80,104,1597157470.894488,832,829,446982620,00:00:00:00:00:02,00:00:00:00:00:09
68,348312,252,112,104,1597157475.090475,833,829,446982620,00:00:00:00:00:02,00:00:00:00:00:09
68,348312,252,8,104,1597157479.678339,821,829,446982620,00:00:00:00:00:02,00:00:00:00:00:09
68,348312,252,16,104,1597157483.308472,832,829,446982620,00:00:00:00:00:02,00:00:00:00:00:09
68,348312,252,80,104,1597157486.922844,821,829,446982620,00:00:00:00:00:02,00:00:00:00:00:09
68,348312,252,112,104,1597157490.551799,828,829,446982620,00:00:00:00:00:02,00:00:00:00:00:09
68,348312,252,8,104,1597157494.14525,827,829,446982620,00:00:00:00:00:02,00:00:00:00:00:09
68,348312,252,16,104,1597157497.652761,830,829,446982620,00:00:00:00:00:02,00:00:00:00:00:09
68,348312,252,80,104,1597157500.648717,827,829,446982620,00:00:00:00:00:02,00:00:00:00:00:09
68,348312,252,112,104,1597157504.171335,829,829,446982620,00:00:00:00:00:02,00:00:00:00:00:09
68,348312,252,8,104,1597157508.330782,830,829,446982620,00:00:00:00:00:02,00:00:00:00:00:09
68,348312,252,16,104,1597157513.165614,826,829,446982620,00:00:00:00:00:02,00:00:00:00:00:09
68,348312,252,80,104,1597157516.59861,826,829,446982620,00:00:00:00:00:02,00:00:00:00:00:09
68,348312,252,112,104,1597157520.638507,829,829,446982620,00:00:00:00:00:02,00:00:00:00:00:09
68,348312,252,8,104,1597157523.789644,828,829,446982620,00:00:00:00:00:02,00:00:00:00:00:09
68,348312,252,16,104,1597157527.466371,822,829,446982620,00:00:00:00:00:02,00:00:00:00:00:09
68,348312,252,80,104,1597157531.387425,834,829,446982620,00:00:00:00:00:02,00:00:00:00:00:09
68,348312,252,112,104,1597157534.922891,836,829,446982620,00:00:00:00:00:02,00:00:00:00:00:09
68,348312,252,8,104,1597157538.7362,822,829,446982620,00:00:00:00:00:02,00:00:00:00:00:09
68,348312,252,16,104,1597157542.919894,829,829,446982620,00:00:00:00:00:02,00:00:00:00:00:09
68,348312,252,80,104,1597157546.718333,840,829,446982620,00:00:00:00:00:02,00:00:00:00:00:09
68,348312,252,112,104,1597157550.276766,825,829,446982620,00:00:00:00:00:02,00:00:00:00:00:09
68,348312,252,8,104,1597157554.219046,828,829,446982620,00:00:00:00:00:02,00:00:00:00:00:09
68,348312,252,16,104,1597157557.952782,826,829,446982620,00:00:00:00:00:02,00:00:00:00:00:09
68,348312,252,80,104,1597157561.806557,835,829,446982620,00:00:00:00:00:02,00:00:00:00:00:09
68,348312,252,112,104,1597157566.674853,832,829,446982620,00:00:00:00:00:02,00:00:00:00:00:09
68,348312,252,8,104,1597157570.325256,829,829,446982620,00:00:00:00:00:02,00:00:00:00:00:09
68,348312,252,16,104,1597157574.074137,821,829,446982620,00:00:00:00:00:02,00:00:00:00:00:09
68,348312,252,80,104,1597157577.186779,831,829,446982620,00:00:00:00:00:02,00:00:00:00:00:09
68,348312,252,112,104,1597157578.523444,825,829,446982620,00:00:00:00:00:02,00:00:00:00:00:09
68,348312,252,8,104,1597157579.690781,824,829,446982620,00:00:00:00:00:02,00:00:00:00:00:09
68,348312,252,16,104,1597157580.874784,821,829,446982620,00:00:00:00:00:02,00:00:00:00:00:09
68,348312,252,80,104,1597157582.022793,827,829,446982620,00:00:00:00:00:02,00:00:00:00:00:09
68,348312,252,112,104,1597157583.142785,828,829,446982620,00:00:00:00:00:02,00:00:00:00:00:09
56,250568,224,25,16,1597157625.857707,331,332,230113017,00:00:00:00:00:03,00:00:00:00:00:09
58,275501,42,89,24,1597157625.918211,633,627,994427735,00:00:00:00:00:03,00:00:00:00:00:09
58,275501,42,89,32,1597157627.108435,621,627,994427735,00:00:00:00:00:03,00:00:00:00:00:09
56,250568,224,25,24,1597157630.958944,332,332,230113017,00:00:00:00:00:03,00:00:00:00:00:09
58,275501,42,89,56,1597157635.288872,624,627,994427735,00:00:00:00:00:03,00:00:00:00:00:09
56,250568,224,25,32,1597157636.097199,333,332,230113017,00:00:00:00:00:03,00:00:00:00:00:09
58,275501,42,89,64,1597157636.52572,631,627,994427735,00:00:00:00:00:03,00:00:00:00:00:09
58,275501,42,89,96,1597157643.691333,617,627,994427735,00:00:00:00:00:03,00:00:00:00:00:09
58,275501,42,89,128,1597157645.694995,628,627,994427735,00:00:00:00:00:03,00:00:00:00:00:09
56,250568,224,25,64,1597157648.282858,330,332,230113017,00:00:00:00:00:03,00:00:00:00:00:09
58,275501,42,89,8,1597157649.550609,650,627,994427735,00:00:00:00:00:03,00:00:00:00:00:09
58,275501,42,89,24,1597157654.53376,623,627,994427735,00:00:00:00:00:03,00:00:00:00:00:09
58,275501,42,89,32,1597157655.575054,624,627,994427735,00:00:00:00:00:03,00:00:00:00:00:09
56,250568,224,25,88,1597157660.113073,329,332,230113017,00:00:00:00:00:03,00:00:00:00:00:09
58,275501,42,89,56,1597157663.317619,619,627,994427735,00:00:00:00:00:03,00:00:00:00:00:09
56,250568,224,25,96,1597157664.100093,336,332,230113017,00:00:00:00:00:03,00:00:00:00:00:09
58,275501,42,89,64,1597157664.60736,606,627,994427735,00:00:00:00:00:03,00:00:00:00:00:09
56,250568,224,25,104,1597157668.855968,334,332,230113017,00:00:00:00:00:03,00:00:00:00:00:09
56,250568,224,25,112,1597157671.722467,330,332,230113017,00:00:00:00:00:03,00:00:00:00:00:09
58,275501,42,89,96,1597157671.725038,619,627,994427735,00:00:00:00:00:03,00:00:00:00:00:09
58,275501,42,89,128,1597157673.622415,618,627,994427735,00:00:00:00:00:03,00:00:00:00:00:09
56,250568,224,25,120,1597157675.589935,333,332,230113017,00:00:00:00:00:03,00:00:00:00:00:09
58,275501,42,89,8,1597157677.173571,620,627,994427735,00:00:00:00:00:03,00:00:00:00:00:09
56,250568,224,25,128,1597157680.111647,336,332,230113017,00:00:00:00:00:03,00:00:00:00:00:09
58,275501,42,89,24,1597157682.716324,617,627,994427735,00:00:00:00:00:03,00:00:00:00:00:09
56,250568,224,25,136,1597157683.710401,335,332,230113017,00:00:00:00:00:03,00:00:00:00:00:09
58,275501,42,89,32,1597157683.86495,633,627,994427735,00:00:00:00:00:03,00:00:00:00:00:09
56,250568,224,25,144,1597157687.95521,332,332,230113017,00:00:00:00:00:03,00:00:00:00:00:09
56,250568,224,25,0,1597157690.447884,334,332,230113017,00:00:00:00:00:03,00:00:00:00:00:09
58,275501,42,89,56,1597157690.926812,634,627,994427735,00:00:00:00:00:03,00:00:00:00:00:09
58,275501,42,89,64,1597157692.138141,631,627,994427735,00:00:00:00:00:03,00:00:00:00:00:09
56,250568,224,25,8,1597157693.789483,327,332,230113017,00:00:00:00:00:03,00:00:00:00:00:09
56,250568,224,25,16,1597157698.863932,327,332,230113017,00:00:00:00:00:03,00:00:00:00:00:09
58,275501,42,89,96,1597157698.864564,605,627,994427735,00:00:00:00:00:03,00:00:00:00:00:09
58,275501,42,89,128,1597157701.372058,626,627,994427735,00:00:00:00:00:03,00:00:00:00:00:09
56,250568,224,25,24,1597157703.652101,331,332,230113017,00:00:00:00:00:03,00:00:00:00:00:09
58,275501,42,89,8,1597157706.207709,636,627,994427735,00:00:00:00:00:03,00:00:00:00:00:09
56,250568,224,25,32,1597157707.928241,328,332,230113017,00:00:00:00:00:03,00:00:00:00:00:09
58,275501,42,89,24,1597157710.856502,630,627,994427735,00:00:00:00:00:03,00:00:00:00:00:09
58,275501,42,89,32,1597157711.92742,628,627,994427735,00:00:00:00:00:03,00:00:00:00:00:09
58,275501,42,89,56,1597157719.059382,647,627,994427735,00:00:00:00:00:03,00:00:00:00:00:09
58,275501,42,89,64,1597157720.298748,628,627,994427735,00:00:00:00:00:03,00:00:00:00:00:09
56,250568,224,25,64,1597157721.471177,332,332,230113017,00:00:00:00:00:03,00:00:00:00:00:09
58,275501,42,89,96,1597157727.204064,623,627,994427735,00:00:00:00:00:03,00:00:00:00:00:09
58,275501,42,89,128,1597157729.519328,641,627,994427735,00:00:00:00:00:03,00:00:00:00:00:09
56,250568,224,25,88,1597157731.677387,331,332,230113017,00:00:00:00:00:03,00:00:00:00:00:09
58,275501,42,89,8,1597157733.90525,618,627,994427735,00:00:00:00:00:03,00:00:00:00:00:09
56,250568,224,25,96,1597157735.197296,329,332,230113017,00:00:00:00:00:03,00:00:00:00:00:09
58,275501,42,89,24,1597157739.247765,637,627,994427735,00:00:00:00:00:03,00:00:00:00:00:09
56,250568,224,25,104,1597157739.599033,330,332,230113017,00:00:00:00:00:03,00:00:00:00:00:09
58,275501,42,89,32,1597157740.179313,617,627,994427735,00:00:00:00:00:03,00:00:00:00:00:09
56,250568,224,25,112,1597157742.246822,332,332,230113017,00:00:00:00:00:03,00:00:00:00:00:09
58,275501,42,89,56,1597157747.19131,627,627,994427735,00:00:00:00:00:03,00:00:00:00:00:09
56,250568,224,25,120,1597157747.197363,330,332,230113017,00:00:00:00:00:03,00:00:00:00:00:09
58,275501,42,89,64,1597157748.546061,618,627,994427735,00:00:00:00:00:03,00:00:00:00:00:09
56,250568,224,25,128,1597157750.965272,332,332,230113017,00:00:00:00:00:03,00:00:00:00:00:09
56,250568,224,25,136,1597157755.027904,329,332,230113017,00:00:00:00:00:03,00:00:00:00:00:09
58,275501,42,89,96,1597157755.401112,612,627,994427735,00:00:00:00:00:03,00:00:00:00:00:09
58,275501,42,89,128,1597157757.484246,615,627,994427735,00:00:00:00:00:03,00:00:00:00:00:09
56,250568,224,25,144,1597157759.675591,331,332,230113017,00:00:00:00:00:03,00:00:00:00:00:09
58,275501,42,89,8,1597157761.641933,625,627,994427735,00:00:00:00:00:03,00:00:00:00:00:09
56,250568,224,25,0,1597157762.140806,329,332,230113017,00:00:00:00:00:03,00:00:00:00:00:09
56,250568,224,25,8,1597157765.831329,328,332,230113017,00:00:00:00:00:03,00:00:00:00:00:09
58,275501,42,89,24,1597157766.256649,624,627,994427735,00:00:00:00:00:03,00:00:00:00:00:09
58,275501,42,89,32,1597157767.449705,644,627,994427735,00:00:00:00:00:03,00:00:00:00:00:09
56,250568,224,25,16,1597157770.870897,330,332,230113017,00:00:00:00:00:03,00:00:00:00:00:09
58,275501,42,89,56,1597157774.668536,636,627,994427735,00:00:00:00:00:03,00:00:00:00:00:09
56,250568,224,25,24,1597157775.909268,332,332,230113017,00:00:00:00:00:03,00:00:00:00:00:09
58,275501,42,89,64,1597157776.245082,615,627,994427735,00:00:00:00:00:03,00:00:00:00:00:09
56,250568,224,25,32,1597157780.695529,330,332,230113017,00:00:00:00:00:03,00:00:00:00:00:09
58,275501,42,89,96,1597157783.014897,626,627,994427735,00:00:00:00:00:03,00:00:00:00:00:09
58,275501,42,89,128,1597157784.646196,602,627,994427735,00:00:00:00:00:03,00:00:00:00:00:09
58,275501,42,89,8,1597157788.127672,633,627,994427735,00:00:00:00:00:03,00:00:00:00:00:09
58,275501,42,89,24,1597157792.491333,627,627,994427735,00:00:00:00:00:03,00:00:00:00:00:09
56,250568,224,25,64,1597157793.006012,334,332,230113017,00:00:00:00:00:03,00:00:00:00:00:09
58,275501,42,89,32,1597157793.514568,639,627,994427735,00:00:00:00:00:03,00:00:00:00:00:09
58,275501,42,89,56,1597157800.605963,623,627,994427735,00:00:00:00:00:03,00:00:00:00:00:09
58,275501,42,89,64,1597157801.734293,626,627,994427735,00:00:00:00:00:03,00:00:00:00:00:09
56,250568,224,25,88,1597157803.161876,331,332,230113017,00:00:00:00:00:03,00:00:00:00:00:09
56,250568,224,25,96,1597157806.777371,334,332,230113017,00:00:00:00:00:03,00:00:00:00:00:09
58,275501,42,89,96,1597157807.692935,616,627,994427735,00:00:00:00:00:03,00:00:00:00:00:09
58,275501,42,89,128,1597157809.763297,630,627,994427735,00:00:00:00:00:03,00:00:00:00:00:09
56,250568,224,25,104,1597157811.512234,329,332,230113017,00:00:00:00:00:03,00:00:00:00:00:09
58,275501,42,89,8,1597157813.876572,642,627,994427735,00:00:00:00:00:03,00:00:00:00:00:09
56,250568,224,25,112,1597157814.411521,333,332,230113017,00:00:00:00:00:03,00:00:00:00:00:09
56,250568,224,25,120,1597157818.10634,336,332,230113017,00:00:00:00:00:03,00:00:00:00:00:09
58,275501,42,89,24,1597157818.886936,624,627,994427735,00:00:00:00:00:03,00:00:00:00:00:09
58,275501,42,89,32,1597157819.91608,632,627,994427735,00:00:00:00:00:03,00:00:00:00:00:09
56,250568,224,25,128,1597157822.105554,331,332,230113017,00:00:00:00:00:03,00:00:00:00:00:09
56,250568,224,25,136,1597157825.273644,334,332,230113017,00:00:00:00:00:03,00:00:00:00:00:09
58,275501,42,89,56,1597157827.958184,630,627,994427735,00:00:00:00:00:03,00:00:00:00:00:09
56,250568,224,25,144,1597157829.472393,333,332,230113017,00:00:00:00:00:03,00:00:00:00:00:09
58,275501,42,89,64,1597157829.871365,629,627,994427735,00:00:00:00:00:03,00:00:00:00:00:09
56,250568,224,25,0,1597157832.285844,332,332,230113017,00:00:00:00:00:03,00:00:00:00:00:09
56,250568,224,25,8,1597157835.511892,332,332,230113017,00:00:00:00:00:03,00:00:00:00:00:09
58,275501,42,89,96,1597157837.372705,616,627,994427735,00:00:00:00:00:03,00:00:00:00:00:09
58,275501,42,89,128,1597157839.435751,630,627,994427735,00:00:00:00:00:03,00:00:00:00:00:09
56,250568,224,25,16,1597157840.822513,331,332,230113017,00:00:00:00:00:03,00:00:00:00:00:09
58,275501,42,89,8,1597157842.3718,618,627,994427735,00:00:00:00:00:03,00:00:00:00:00:09
56,250568,224,25,24,1597157844.698105,330,332,230113017,00:00:00:00:00:03,00:00:00:00:00:09
58,275501,42,89,24,1597157847.170244,624,627,994427735,00:00:00:00:00:03,00:00:00:00:00:09
58,275501,42,89,32,1597157848.178255,641,627,994427735,00:00:00:00:00:03,00:00:00:00:00:09
56,250568,224,25,32,1597157848.82404,333,332,230113017,00:00:00:00:00:03,00:00:00:00:00:09
58,275501,42,89,56,1597157856.93302,631,627,994427735,00:00:00:00:00:03,00:00:00:00:00:09
58,275501,42,89,64,1597157858.792808,628,627,994427735,00:00:00:00:00:03,00:00:00:00:00:09
56,250568,224,25,64,1597157862.336041,334,332,230113017,00:00:00:00:00:03,00:00:00:00:00:09
58,275501,42,89,96,1597157866.382146,626,627,994427735,00:00:00:00:00:03,00:00:00:00:00:09
58,275501,42,89,128,1597157868.432949,632,627,994427735,00:00:00:00:00:03,00:00:00:00:00:09
58,275501,42,89,8,1597157873.278942,612,627,994427735,00:00:00:00:00:03,00:00:00:00:00:09
56,250568,224,25,88,1597157874.517509,334,332,230113017,00:00:00:00:00:03,00:00:00:00:00:09
58,275501,42,89,24,1597157877.565051,628,627,994427735,00:00:00:00:00:03,00:00:00:00:00:09
58,275501,42,89,32,1597157878.497458,624,627,994427735,00:00:00:00:00:03,00:00:00:00:00:09
56,250568,224,25,96,1597157878.747354,333,332,230113017,00:00:00:00:00:03,00:00:00:00:00:09
56,250568,224,25,104,1597157882.689594,331,332,230113017,00:00:00:00:00:03,00:00:00:00:00:09
56,250568,224,25,112,1597157885.660964,328,332,230113017,00:00:00:00:00:03,00:00:00:00:00:09
58,275501,42,89,56,1597157886.412691,622,627,994427735,00:00:00:00:00:03,00:00:00:00:00:09
58,275501,42,89,64,1597157887.841734,630,627,994427735,00:00:00:00:00:03,00:00:00:00:00:09
56,250568,224,25,120,1597157889.418799,335,332,230113017,00:00:00:00:00:03,00:00:00:00:00:09
56,250568,224,25,128,1597157893.657638,330,332,230113017,00:00:00:00:00:03,00:00:00:00:00:09
58,275501,42,89,96,1597157894.153995,624,627,994427735,00:00:00:00:00:03,00:00:00:00:00:09
58,275501,42,89,128,1597157895.903712,635,627,994427735,00:00:00:00:00:03,00:00:00:00:00:09
56,250568,224,25,136,1597157896.985081,333,332,230113017,00:00:00:00:00:03,00:00:00:00:00:09
58,275501,42,89,8,1597157899.899186,636,627,994427735,00:00:00:00:00:03,00:00:00:00:00:09
56,250568,224,25,144,1597157901.525296,333,332,230113017,00:00:00:00:00:03,00:00:00:00:00:09
56,250568,224,25,0,1597157904.246592,336,332,230113017,00:00:00:00:00:03,00:00:00:00:00:09
58,275501,42,89,24,1597157905.202472,638,627,994427735,00:00:00:00:00:03,00:00:00:00:00:09
58,275501,42,89,32,1597157906.568936,631,627,994427735,00:00:00:00:00:03,00:00:00:00:00:09
56,250568,224,25,8,1597157908.122834,331,332,230113017,00:00:00:00:00:03,00:00:00:00:00:09
56,250568,224,25,16,1597157913.103376,332,332,230113017,00:00:00:00:00:03,00:00:00:00:00:09
58,275501,42,89,56,1597157915.036235,623,627,994427735,00:00:00:00:00:03,00:00:00:00:00:09
58,275501,42,89,64,1597157916.0678,623,627,994427735,00:00:00:00:00:03,00:00:00:00:00:09
56,250568,224,25,24,1597157917.251998,331,332,230113017,00:00:00:00:00:03,00:00:00:00:00:09
56,250568,224,25,32,1597157921.614432,331,332,230113017,00:00:00:00:00:03,00:00:00:00:00:09
58,275501,42,89,96,1597157922.968271,629,627,994427735,00:00:00:00:00:03,00:00:00:00:00:09
58,275501,42,89,128,1597157924.816267,618,627,994427735,00:00:00:00:00:03,00:00:00:00:00:09
58,275501,42,89,8,1597157929.056115,619,627,994427735,00:00:00:00:00:03,00:00:00:00:00:09
58,275501,42,89,24,1597157933.160704,630,627,994427735,00:00:00:00:00:03,00:00:00:00:00:09
56,250568,224,25,64,1597157933.451677,331,332,230113017,00:00:00:00:00:03,00:00:00:00:00:09
58,275501,42,89,32,1597157934.398986,607,627,994427735,00:00:00:00:00:03,00:00:00:00:00:09
58,275501,42,89,56,1597157941.943992,631,627,994427735,00:00:00:00:00:03,00:00:00:00:00:09
58,275501,42,89,64,1597157942.988711,619,627,994427735,00:00:00:00:00:03,00:00:00:00:00:09
56,250568,224,25,88,1597157943.704756,332,332,230113017,00:00:00:00:00:03,00:00:00:00:00:09
56,250568,224,25,96,1597157947.399529,328,332,230113017,00:00:00:00:00:03,00:00:00:00:00:09
58,275501,42,89,96,1597157950.109781,612,627,994427735,00:00:00:00:00:03,00:00:00:00:00:09
56,250568,224,25,104,1597157951.702204,332,332,230113017,00:00:00:00:00:03,00:00:00:00:00:09
58,275501,42,89,128,1597157952.099847,629,627,994427735,00:00:00:00:00:03,00:00:00:00:00:09
56,250568,224,25,112,1597157954.236246,332,332,230113017,00:00:00:00:00:03,00:00:00:00:00:09
58,275501,42,89,8,1597157956.258257,640,627,994427735,00:00:00:00:00:03,00:00:00:00:00:09
56,250568,224,25,120,1597157958.123088,327,332,230113017,00:00:00:00:00:03,00:00:00:00:00:09
58,275501,42,89,24,1597157960.505019,633,627,994427735,00:00:00:00:00:03,00:00:00:00:00:09
58,275501,42,89,32,1597157961.81275,642,627,994427735,00:00:00:00:00:03,00:00:00:00:00:09
56,250568,224,25,128,1597157962.780788,332,332,230113017,00:00:00:00:00:03,00:00:00:00:00:09
56,250568,224,25,136,1597157966.205825,331,332,230113017,00:00:00:00:00:03,00:00:00:00:00:09
58,275501,42,89,56,1597157968.9026,621,627,994427735,00:00:00:00:00:03,00:00:00:00:00:09
58,275501,42,89,64,1597157969.875406,632,627,994427735,00:00:00:00:00:03,00:00:00:00:00:09
56,250568,224,25,144,1597157970.693565,331,332,230113017,00:00:00:00:00:03,00:00:00:00:00:09
56,250568,224,25,0,1597157972.597316,332,332,230113017,00:00:00:00:00:03,00:00:00:00:00:09
58,275501,42,89,96,1597157975.908451,620,627,994427735,00:00:00:00:00:03,00:00:00:00:00:09
56,250568,224,25,8,1597157976.204589,326,332,230113017,00:00:00:00:00:03,00:00:00:00:00:09
58,275501,42,89,128,1597157977.437237,622,627,994427735,00:00:00:00:00:03,00:00:00:00:00:09
56,250568,224,25,16,1597157979.993296,328,332,230113017,00:00:00:00:00:03,00:00:00:00:00:09
58,275501,42,89,8,1597157980.984228,637,627,994427735,00:00:00:00:00:03,00:00:00:00:00:09
56,250568,224,25,24,1597157983.886522,337,332,230113017,00:00:00:00:00:03,00:00:00:00:00:09
58,275501,42,89,24,1597157985.846927,631,627,994427735,00:00:00:00:00:03,00:00:00:00:00:09
58,275501,42,89,32,1597157987.901104,620,627,994427735,00:00:00:00:00:03,00:00:00:00:00:09
56,250568,224,25,32,1597157990.549149,334,332,230113017,00:00:00:00:00:03,00:00:00:00:00:09
58,275501,42,89,56,1597157994.549881,621,627,994427735,00:00:00:00:00:03,00:00:00:00:00:09
58,275501,42,89,64,1597157995.565963,605,627,994427735,00:00:00:00:00:03,00:00:00:00:00:09
58,275501,42,89,96,1597158000.18054,611,627,994427735,00:00:00:00:00:03,00:00:00:00:00:09
56,250568,224,25,64,1597158000.611466,331,332,230113017,00:00:00:00:00:03,00:00:00:00:00:09
58,275501,42,89,128,1597158002.193433,624,627,994427735,00:00:00:00:00:03,00:00:00:00:00:09
58,275501,42,89,8,1597158004.834509,631,627,994427735,00:00:00:00:00:03,00:00:00:00:00:09
58,275501,42,89,24,1597158007.756769,636,627,994427735,00:00:00:00:00:03,00:00:00:00:00:09
56,250568,224,25,88,1597158008.104571,336,332,230113017,00:00:00:00:00:03,00:00:00:00:00:09
58,275501,42,89,32,1597158008.890532,625,627,994427735,00:00:00:00:00:03,00:00:00:00:00:09
56,250568,224,25,96,1597158010.955982,330,332,230113017,00:00:00:00:00:03,00:00:00:00:00:09
58,275501,42,89,56,1597158014.17105,631,627,994427735,00:00:00:00:00:03,00:00:00:00:00:09
56,250568,224,25,104,1597158014.403324,328,332,230113017,00:00:00:00:00:03,00:00:00:00:00:09
58,275501,42,89,64,1597158015.429701,631,627,994427735,00:00:00:00:00:03,00:00:00:00:00:09
56,250568,224,25,112,1597158016.366275,329,332,230113017,00:00:00:00:00:03,00:00:00:00:00:09
56,250568,224,25,120,1597158019.247671,332,332,230113017,00:00:00:00:00:03,00:00:00:00:00:09
58,275501,42,89,96,1597158019.590256,622,627,994427735,00:00:00:00:00:03,00:00:00:00:00:09
58,275501,42,89,128,1597158021.138801,622,627,994427735,00:00:00:00:00:03,00:00:00:00:00:09
56,250568,224,25,128,1597158022.661934,331,332,230113017,00:00:00:00:00:03,00:00:00:00:00:09
58,275501,42,89,8,1597158023.653831,635,627,994427735,00:00:00:00:00:03,00:00:00:00:00:09
56,250568,224,25,136,1597158025.277491,330,332,230113017,00:00:00:00:00:03,00:00:00:00:00:09
58,275501,42,89,24,1597158026.812315,615,627,994427735,00:00:00:00:00:03,00:00:00:00:00:09
58,275501,42,89,32,1597158027.896409,628,627,994427735,00:00:00:00:00:03,00:00:00:00:00:09
56,250568,224,25,144,1597158028.48638,328,332,230113017,00:00:00:00:00:03,00:00:00:00:00:09
58,275501,42,89,56,1597158033.401022,634,627,994427735,00:00:00:00:00:03,00:00:00:00:00:09
58,275501,42,89,64,1597158034.219702,633,627,994427735,00:00:00:00:00:03,00:00:00:00:00:09
58,275501,42,89,96,1597158038.629018,632,627,994427735,00:00:00:00:00:03,00:00:00:00:00:09
58,275501,42,89,128,1597158040.08111,641,627,994427735,00:00:00:00:00:03,00:00:00:00:00:09
68,348312,252,106,104,1597158143.594189,835,829,446982620,00:00:00:00:00:04,00:00:00:00:00:09
68,348312,252,106,104,1597158147.351904,833,829,446982620,00:00:00:00:00:04,00:00:00:00:00:09
68,348312,252,106,104,1597158151.20807,837,829,446982620,00:00:00:00:00:04,00:00:00:00:00:09
68,348312,252,106,104,1597158155.023719,824,829,446982620,00:00:00:00:00:04,00:00:00:00:00:09
68,348312,252,106,104,1597158158.7498,822,829,446982620,00:00:00:00:00:04,00:00:00:00:00:09
68,348312,252,106,104,1597158162.476834,828,829,446982620,00:00:00:00:00:04,00:00:00:00:00:09
68,348312,252,106,104,1597158166.525995,825,829,446982620,00:00:00:00:00:04,00:00:00:00:00:09
68,348312,252,122,104,1597158171.022445,831,829,446982620,00:00:00:00:00:04,00:00:00:00:00:09
68,348312,252,106,104,1597158175.106737,826,829,446982620,00:00:00:00:00:04,00:00:00:00:00:09
68,348312,252,122,104,1597158180.152798,832,829,446982620,00:00:00:00:00:04,00:00:00:00:00:09
68,348312,252,106,104,1597158184.199401,829,829,446982620,00:00:00:00:00:04,00:00:00:00:00:09
68,348312,252,122,104,1597158189.152169,831,829,446982620,00:00:00:00:00:04,00:00:00:00:00:09
68,348312,252,106,104,1597158192.879106,825,829,446982620,00:00:00:00:00:04,00:00:00:00:00:09
68,348312,252,122,104,1597158196.550878,828,829,446982620,00:00:00:00:00:04,00:00:00:00:00:09
68,348312,252,138,104,1597158200.559338,828,829,446982620,00:00:00:00:00:04,00:00:00:00:00:09
68,348312,252,106,104,1597158204.366081,827,829,446982620,00:00:00:00:00:04,00:00:00:00:00:09
68,348312,252,122,104,1597158207.859954,823,829,446982620,00:00:00:00:00:04,00:00:00:00:00:09
68,348312,252,138,104,1597158211.803556,828,829,446982620,00:00:00:00:00:04,00:00:00:00:00:09
68,348312,252,106,104,1597158215.639222,828,829,446982620,00:00:00:00:00:04,00:00:00:00:00:09
68,348312,252,122,104,1597158219.748159,828,829,446982620,00:00:00:00:00:04,00:00:00:00:00:09
68,348312,252,138,104,1597158224.009328,834,829,446982620,00:00:00:00:00:04,00:00:00:00:00:09
68,348312,252,106,104,1597158227.570845,831,829,446982620,00:00:00:00:00:04,00:00:00:00:00:09
68,348312,252,122,104,1597158231.914542,826,829,446982620,00:00:00:00:00:04,00:00:00:00:00:09
68,348312,252,138,104,1597158236.494812,835,829,446982620,00:00:00:00:00:04,00:00:00:00:00:09
68,348312,252,106,104,1597158240.749517,831,829,446982620,00:00:00:00:00:04,00:00:00:00:00:09
68,348312,252,122,104,1597158244.418738,821,829,446982620,00:00:00:00:00:04,00:00:00:00:00:09
68,348312,252,138,104,1597158248.683778,825,829,446982620,00:00:00:00:00:04,00:00:00:00:00:09
68,348312,252,106,104,1597158252.78319,827,829,446982620,00:00:00:00:00:04,00:00:00:00:00:09
68,348312,252,122,104,1597158257.348319,829,829,446982620,00:00:00:00:00:04,00:00:00:00:00:09
68,348312,252,138,104,1597158260.603783,828,829,446982620,00:00:00:00:00:04,00:00:00:00:00:09
68,348312,252,106,104,1597158266.369139,825,829,446982620,00:00:00:00:00:04,00:00:00:00:00:09
68,348312,252,122,104,1597158270.593314,824,829,446982620,00:00:00:00:00:04,00:00:00:00:00:09
68,348312,252,138,104,1597158275.231245,828,829,446982620,00:00:00:00:00:04,00:00:00:00:00:09
68,348312,252,106,104,1597158279.157711,834,829,446982620,00:00:00:00:00:04,00:00:00:00:00:09
68,348312,252,122,104,1597158283.669428,831,829,446982620,00:00:00:00:00:04,00:00:00:00:00:09
68,348312,252,138,104,1597158287.930204,830,829,446982620,00:00:00:00:00:04,00:00:00:00:00:09
68,348312,252,106,104,1597158291.472681,843,829,446982620,00:00:00:00:00:04,00:00:00:00:00:09
68,348312,252,122,104,1597158295.612873,834,829,446982620,00:00:00:00:00:04,00:00:00:00:00:09
68,348312,252,138,104,1597158300.125989,833,829,446982620,00:00:00:00:00:04,00:00:00:00:00:09
68,348312,252,106,104,1597158304.020553,828,829,446982620,00:00:00:00:00:04,00:00:00:00:00:09
68,348312,252,122,104,1597158308.44355,822,829,446982620,00:00:00:00:00:04,00:00:00:00:00:09
68,348312,252,138,104,1597158312.474018,828,829,446982620,00:00:00:00:00:04,00:00:00:00:00:09
68,348312,252,106,104,1597158316.219837,837,829,446982620,00:00:00:00:00:04,00:00:00:00:00:09
68,348312,252,122,104,1597158320.343683,829,829,446982620,00:00:00:00:00:04,00:00:00:00:00:09
68,348312,252,138,104,1597158324.33999,830,829,446982620,00:00:00:00:00:04,00:00:00:00:00:09
68,348312,252,106,104,1597158328.27728,826,829,446982620,00:00:00:00:00:04,00:00:00:00:00:09
68,348312,252,122,104,1597158332.369216,834,829,446982620,00:00:00:00:00:04,00:00:00:00:00:09
68,348312,252,138,104,1597158335.974761,828,829,446982620,00:00:00:00:00:04,00:00:00:00:00:09
68,348312,252,106,104,1597158339.856649,824,829,446982620,00:00:00:00:00:04,00:00:00:00:00:09
68,348312,252,122,104,1597158344.439608,828,829,446982620,00:00:00:00:00:04,00:00:00:00:00:09
68,348312,252,138,104,1597158347.955212,830,829,446982620,00:00:00:00:00:04,00:00:00:00:00:09
68,348312,252,106,104,1597158352.538097,829,829,446982620,00:00:00:00:00:04,00:00:00:00:00:09
68,348312,252,122,104,1597158356.78522,831,829,446982620,00:00:00:00:00:04,00:00:00:00:00:09
68,348312,252,138,104,1597158361.04525,824,829,446982620,00:00:00:00:00:04,00:00:00:00:00:09
68,348312,252,106,104,1597158365.455511,829,829,446982620,00:00:00:00:00:04,00:00:00:00:00:09
68,348312,252,122,104,1597158369.499274,828,829,446982620,00:00:00:00:00:04,00:00:00:00:00:09
68,348312,252,138,104,1597158373.712978,828,829,446982620,00:00:00:00:00:04,00:00:00:00:00:09
68,348312,252,106,104,1597158378.333226,827,829,446982620,00:00:00:00:00:04,00:00:00:00:00:09
68,348312,252,122,104,1597158383.176279,824,829,446982620,00:00:00:00:00:04,00:00:00:00:00:09
68,348312,252,138,104,1597158387.957372,827,829,446982620,00:00:00:00:00:04,00:00:00:00:00:09
68,348312,252,106,104,1597158392.276426,824,829,446982620,00:00:00:00:00:04,00:00:00:00:00:09
68,348312,252,122,104,1597158396.556277,826,829,446982620,00:00:00:00:00:04,00:00:00:00:00:09
68,348312,252,138,104,1597158401.627932,824,829,446982620,00:00:00:00:00:04,00:00:00:00:00:09
68,348312,252,106,104,1597158405.849272,831,829,446982620,00:00:00:00:00:04,00:00:00:00:00:09
68,348312,252,122,104,1597158409.946272,826,829,446982620,00:00:00:00:00:04,00:00:00:00:00:09
68,348312,252,138,104,1597158413.980212,829,829,446982620,00:00:00:00:00:04,00:00:00:00:00:09
68,348312,252,106,104,1597158417.505703,828,829,446982620,00:00:00:00:00:04,00:00:00:00:00:09
68,348312,252,122,104,1597158422.490696,829,829,446982620,00:00:00:00:00:04,00:00:00:00:00:09
68,348312,252,138,104,1597158426.222582,824,829,446982620,00:00:00:00:00:04,00:00:00:00:00:09
68,348312,252,106,104,1597158430.051368,821,829,446982620,00:00:00:00:00:04,00:00:00:00:00:09
68,348312,252,122,104,1597158433.853418,827,829,446982620,00:00:00:00:00:04,00:00:00:00:00:09
68,348312,252,138,104,1597158437.15697,832,829,446982620,00:00:00:00:00:04,00:00:00:00:00:09
68,348312,252,106,104,1597158442.047907,837,829,446982620,00:00:00:00:00:04,00:00:00:00:00:09
68,348312,252,122,104,1597158446.247409,831,829,446982620,00:00:00:00:00:04,00:00:00:00:00:09
68,348312,252,138,104,1597158450.675849,828,829,446982620,00:00:00:00:00:04,00:00:00:00:00:09
68,348312,252,106,104,1597158454.647632,830,829,446982620,00:00:00:00:00:04,00:00:00:00:00:09
68,348312,252,122,104,1597158459.055302,829,829,446982620,00:00:00:00:00:04,00:00:00:00:00:09
68,348312,252,138,104,1597158462.425557,833,829,446982620,00:00:00:00:00:04,00:00:00:00:00:09
68,348312,252,106,104,1597158467.038684,825,829,446982620,00:00:00:00:00:04,00:00:00:00:00:09
68,348312,252,122,104,1597158471.002693,832,829,446982620,00:00:00:00:00:04,00:00:00:00:00:09
68,348312,252,138,104,1597158475.180869,826,829,446982620,00:00:00:00:00:04,00:00:00:00:00:09
68,348312,252,106,104,1597158478.77626,832,829,446982620,00:00:00:00:00:04,00:00:00:00:00:09
68,348312,252,122,104,1597158482.250119,836,829,446982620,00:00:00:00:00:04,00:00:00:00:00:09
68,348312,252,138,104,1597158485.63177,828,829,446982620,00:00:00:00:00:04,00:00:00:00:00:09
68,348312,252,106,104,1597158489.099842,832,829,446982620,00:00:00:00:00:04,00:00:00:00:00:09
68,348312,252,122,104,1597158492.865681,832,829,446982620,00:00:00:00:00:04,00:00:00:00:00:09
68,348312,252,138,104,1597158496.321282,826,829,446982620,00:00:00:00:00:04,00:00:00:00:00:09
68,348312,252,106,104,1597158499.578832,828,829,446982620,00:00:00:00:00:04,00:00:00:00:00:09
68,348312,252,122,104,1597158503.09571,838,829,446982620,00:00:00:00:00:04,00:00:00:00:00:09
68,348312,252,138,104,1597158506.916652,830,829,446982620,00:00:00:00:00:04,00:00:00:00:00:09
68,348312,252,106,104,1597158510.835338,830,829,446982620,00:00:00:00:00:04,00:00:00:00:00:09
68,348312,252,122,104,1597158514.698755,831,829,446982620,00:00:00:00:00:04,00:00:00:00:00:09
68,348312,252,138,104,1597158518.28852,832,829,446982620,00:00:00:00:00:04,00:00:00:00:00:09
68,348312,252,106,104,1597158521.433227,824,829,446982620,00:00:00:00:00:04,00:00:00:00:00:09
68,348312,252,122,104,1597158524.784543,831,829,446982620,00:00:00:00:00:04,00:00:00:00:00:09
68,348312,252,138,104,1597158528.34878,824,829,446982620,00:00:00:00:00:04,00:00:00:00:00:09
68,348312,252,106,104,1597158531.916055,829,829,446982620,00:00:00:00:00:04,00:00:00:00:00:09
68,348312,252,122,104,1597158535.199375,831,829,446982620,00:00:00:00:00:04,00:00:00:00:00:09
68,348312,252,138,104,1597158538.323427,816,829,446982620,00:00:00:00:00:04,00:00:00:00:00:09
68,348312,252,106,104,1597158541.669458,824,829,446982620,00:00:00:00:00:04,00:00:00:00:00:09
68,348312,252,122,104,1597158544.972636,832,829,446982620,00:00:00:00:00:04,00:00:00:00:00:09
68,348312,252,138,104,1597158548.727821,831,829,446982620,00:00:00:00:00:04,00:00:00:00:00:09
68,348312,252,106,104,1597158552.334816,830,829,446982620,00:00:00:00:00:04,00:00:00:00:00:09
68,348312,252,122,104,1597158555.289893,823,829,446982620,00:00:00:00:00:04,00:00:00:00:00:09
68,348312,252,138,104,1597158558.355247,828,829,446982620,00:00:00:00:00:04,00:00:00:00:00:09
68,348312,252,106,104,1597158561.811842,828,829,446982620,00:00:00:00:00:04,00:00:00:00:00:09
68,348312,252,122,104,1597158565.429164,835,829,446982620,00:00:00:00:00:04,00:00:00:00:00:09
68,348312,252,138,104,1597158568.625964,824,829,446982620,00:00:00:00:00:04,00:00:00:00:00:09
68,348312,252,106,104,1597158571.918162,829,829,446982620,00:00:00:00:00:04,00:00:00:00:00:09
68,348312,252,122,104,1597158574.671899,824,829,446982620,00:00:00:00:00:04,00:00:00:00:00:09
68,348312,252,138,104,1597158575.87477,830,829,446982620,00:00:00:00:00:04,00:00:00:00:00:09
68,348312,252,106,104,1597158577.031394,830,829,446982620,00:00:00:00:00:04,00:00:00:00:00:09
68,348312,252,122,104,1597158578.182778,830,829,446982620,00:00:00:00:00:04,00:00:00:00:00:09
68,348312,252,138,104,1597158579.306806,833,829,446982620,00:00:00:00:00:04,00:00:00:00:00:09
68,348312,252,51,104,1597158604.711622,833,829,446982620,00:00:00:00:00:05,00:00:00:00:00:09
68,348312,252,51,104,1597158610.790211,830,829,446982620,00:00:00:00:00:05,00:00:00:00:00:09
68,348312,252,59,104,1597158618.195784,835,829,446982620,00:00:00:00:00:05,00:00:00:00:00:09
68,348312,252,75,104,1597158624.176046,824,829,446982620,00:00:00:00:00:05,00:00:00:00:00:09
68,348312,252,51,104,1597158630.377064,829,829,446982620,00:00:00:00:00:05,00:00:00:00:00:09
68,348312,252,59,104,1597158636.556312,827,829,446982620,00:00:00:00:00:05,00:00:00:00:00:09
68,348312,252,75,104,1597158642.216658,828,829,446982620,00:00:00:00:00:05,00:00:00:00:00:09
68,348312,252,51,104,1597158648.984485,831,829,446982620,00:00:00:00:00:05,00:00:00:00:00:09
68,348312,252,59,104,1597158655.992352,830,829,446982620,00:00:00:00:00:05,00:00:00:00:00:09
68,348312,252,75,104,1597158661.959283,831,829,446982620,00:00:00:00:00:05,00:00:00:00:00:09
68,348312,252,99,104,1597158668.51428,824,829,446982620,00:00:00:00:00:05,00:00:00:00:00:09
68,348312,252,51,104,1597158674.566482,835,829,446982620,00:00:00:00:00:05,00:00:00:00:00:09
68,348312,252,59,104,1597158680.768306,825,829,446982620,00:00:00:00:00:05,00:00:00:00:00:09
68,348312,252,75,104,1597158686.897945,827,829,446982620,00:00:00:00:00:05,00:00:00:00:00:09
68,348312,252,99,104,1597158692.995174,836,829,446982620,00:00:00:00:00:05,00:00:00:00:00:09
68,348312,252,107,104,1597158699.046655,828,829,446982620,00:00:00:00:00:05,00:00:00:00:00:09
68,348312,252,51,104,1597158705.07217,825,829,446982620,00:00:00:00:00:05,00:00:00:00:00:09
68,348312,252,59,104,1597158710.913244,823,829,446982620,00:00:00:00:00:05,00:00:00:00:00:09
68,348312,252,75,104,1597158716.854045,836,829,446982620,00:00:00:00:00:05,00:00:00:00:00:09
68,348312,252,99,104,1597158723.15226,831,829,446982620,00:00:00:00:00:05,00:00:00:00:00:09
68,348312,252,107,104,1597158730.319793,826,829,446982620,00:00:00:00:00:05,00:00:00:00:00:09
68,348312,252,51,104,1597158736.315357,829,829,446982620,00:00:00:00:00:05,00:00:00:00:00:09
68,348312,252,59,104,1597158742.562324,825,829,446982620,00:00:00:00:00:05,00:00:00:00:00:09
68,348312,252,75,104,1597158749.250917,828,829,446982620,00:00:00:00:00:05,00:00:00:00:00:09
68,348312,252,99,104,1597158756.007492,829,829,446982620,00:00:00:00:00:05,00:00:00:00:00:09
68,348312,252,107,104,1597158763.16592,833,829,446982620,00:00:00:00:00:05,00:00:00:00:00:09
68,348312,252,51,104,1597158769.191932,831,829,446982620,00:00:00:00:00:05,00:00:00:00:00:09
68,348312,252,59,104,1597158775.371879,830,829,446982620,00:00:00:00:00:05,00:00:00:00:00:09
68,348312,252,75,104,1597158781.56619,821,829,446982620,00:00:00:00:00:05,00:00:00:00:00:09
68,348312,252,99,104,1597158787.752296,826,829,446982620,00:00:00:00:00:05,00:00:00:00:00:09
68,348312,252,107,104,1597158794.219777,829,829,446982620,00:00:00:00:00:05,00:00:00:00:00:09
68,348312,252,51,104,1597158800.775292,829,829,446982620,00:00:00:00:00:05,00:00:00:00:00:09
68,348312,252,59,104,1597158806.929799,833,829,446982620,00:00:00:00:00:05,00:00:00:00:00:09
68,348312,252,75,104,1597158813.092489,831,829,446982620,00:00:00:00:00:05,00:00:00:00:00:09
68,348312,252,99,104,1597158818.866925,829,829,446982620,00:00:00:00:00:05,00:00:00:00:00:09
68,348312,252,107,104,1597158826.593124,827,829,446982620,00:00:00:00:00:05,00:00:00:00:00:09
68,348312,252,51,104,1597158832.409878,825,829,446982620,00:00:00:00:00:05,00:00:00:00:00:09
68,348312,252,59,104,1597158838.882975,822,829,446982620,00:00:00:00:00:05,00:00:00:00:00:09
68,348312,252,75,104,1597158844.994888,830,829,446982620,00:00:00:00:00:05,00:00:00:00:00:09
68,348312,252,99,104,1597158852.073346,830,829,446982620,00:00:00:00:00:05,00:00:00:00:00:09
68,348312,252,107,104,1597158858.98806,823,829,446982620,00:00:00:00:00:05,00:00:00:00:00:09
68,348312,252,51,104,1597158865.452277,835,829,446982620,00:00:00:00:00:05,00:00:00:00:00:09
68,348312,252,59,104,1597158871.423838,824,829,446982620,00:00:00:00:00:05,00:00:00:00:00:09
68,348312,252,75,104,1597158877.469667,826,829,446982620,00:00:00:00:00:05,00:00:00:00:00:09
68,348312,252,99,104,1597158883.454289,833,829,446982620,00:00:00:00:00:05,00:00:00:00:00:09
68,348312,252,107,104,1597158889.49266,817,829,446982620,00:00:00:00:00:05,00:00:00:00:00:09
68,348312,252,51,104,1597158896.397268,830,829,446982620,00:00:00:00:00:05,00:00:00:00:00:09
68,348312,252,59,104,1597158902.659204,831,829,446982620,00:00:00:00:00:05,00:00:00:00:00:09
68,348312,252,75,104,1597158909.120199,824,829,446982620,00:00:00:00:00:05,00:00:00:00:00:09
68,348312,252,99,104,1597158915.053141,834,829,446982620,00:00:00:00:00:05,00:00:00:00:00:09
68,348312,252,107,104,1597158921.116337,832,829,446982620,00:00:00:00:00:05,00:00:00:00:00:09
68,348312,252,51,104,1597158927.048154,828,829,446982620,00:00:00:00:00:05,00:00:00:00:00:09
68,348312,252,59,104,1597158932.781393,826,829,446982620,00:00:00:00:00:05,00:00:00:00:00:09
68,348312,252,75,104,1597158939.300135,829,829,446982620,00:00:00:00:00:05,00:00:00:00:00:09
68,348312,252,99,104,1597158946.78765,834,829,446982620,00:00:00:00:00:05,00:00:00:00:00:09
68,348312,252,107,104,1597158952.75543,831,829,446982620,00:00:00:00:00:05,00:00:00:00:00:09
68,348312,252,51,104,1597158958.947546,830,829,446982620,00:00:00:00:00:05,00:00:00:00:00:09
68,348312,252,59,104,1597158964.113399,816,829,446982620,00:00:00:00:00:05,00:00:00:00:00:09
68,348312,252,75,104,1597158970.725222,825,829,446982620,00:00:00:00:00:05,00:00:00:00:00:09
68,348312,252,99,104,1597158976.472963,828,829,446982620,00:00:00:00:00:05,00:00:00:00:00:09
68,348312,252,107,104,1597158981.793322,832,829,446982620,00:00:00:00:00:05,00:00:00:00:00:09
68,348312,252,51,104,1597158986.774386,827,829,446982620,00:00:00:00:00:05,00:00:00:00:00:09
68,348312,252,59,104,1597158991.616608,830,829,446982620,00:00:00:00:00:05,00:00:00:00:00:09
68,348312,252,75,104,1597158995.973251,832,829,446982620,00:00:00:00:00:05,00:00:00:00:00:09
68,348312,252,99,104,1597159000.410622,830,829,446982620,00:00:00:00:00:05,00:00:00:00:00:09
68,348312,252,107,104,1597159004.839626,826,829,446982620,00:00:00:00:00:05,00:00:00:00:00:09
68,348312,252,51,104,1597159008.891057,832,829,446982620,00:00:00:00:00:05,00:00:00:00:00:09
68,348312,252,59,104,1597159013.735474,831,829,446982620,00:00:00:00:00:05,00:00:00:00:00:09
68,348312,252,75,104,1597159018.383951,826,829,446982620,00:00:00:00:00:05,00:00:00:00:00:09
68,348312,252,99,104,1597159022.529103,835,829,446982620,00:00:00:00:00:05,00:00:00:00:00:09
68,348312,252,107,104,1597159028.165274,824,829,446982620,00:00:00:00:00:05,00:00:00:00:00:09
68,348312,252,51,104,1597159032.171989,830,829,446982620,00:00:00:00:00:05,00:00:00:00:00:09
68,348312,252,59,104,1597159036.650289,831,829,446982620,00:00:00:00:00:05,00:00:00:00:00:09
68,348312,252,75,104,1597159040.225659,821,829,446982620,00:00:00:00:00:05,00:00:00:00:00:09
68,348312,252,99,104,1597159044.638419,835,829,446982620,00:00:00:00:00:05,00:00:00:00:00:09
68,348312,252,107,104,1597159048.569705,820,829,446982620,00:00:00:00:00:05,00:00:00:00:00:09
68,348312,252,51,104,1597159052.163946,832,829,446982620,00:00:00:00:00:05,00:00:00:00:00:09
68,348312,252,59,104,1597159055.893993,825,829,446982620,00:00:00:00:00:05,00:00:00:00:00:09
68,348312,252,75,104,1597159060.259296,829,829,446982620,00:00:00:00:00:05,00:00:00:00:00:09
68,348312,252,99,104,1597159064.261016,825,829,446982620,00:00:00:00:00:05,00:00:00:00:00:09
68,348312,252,107,104,1597159065.94674,828,829,446982620,00:00:00:00:00:05,00:00:00:00:00:09
68,348312,252,51,104,1597159067.355352,826,829,446982620,00:00:00:00:00:05,00:00:00:00:00:09
68,348312,252,59,104,1597159068.702745,829,829,446982620,00:00:00:00:00:05,00:00:00:00:00:09
68,348312,252,75,104,1597159070.104183,833,829,446982620,00:00:00:00:00:05,00:00:00:00:00:09
68,348312,252,99,104,1597159071.330793,837,829,446982620,00:00:00:00:00:05,00:00:00:00:00:09
68,348312,252,107,104,1597159072.515726,824,829,446982620,00:00:00:00:00:05,00:00:00:00:00:09
56,250568,224,12,136,1597159103.887595,334,332,230113017,00:00:00:00:00:06,00:00:00:00:00:09
68,348312,252,4,104,1597159107.146863,830,829,446982620,00:00:00:00:00:06,00:00:00:00:00:09
56,250568,224,12,144,1597159110.4224,330,332,230113017,00:00:00:00:00:06,00:00:00:00:00:09
56,250568,224,12,0,1597159113.596807,332,332,230113017,00:00:00:00:00:06,00:00:00:00:00:09
68,348312,252,4,104,1597159114.345685,833,829,446982620,00:00:00:00:00:06,00:00:00:00:00:09
56,250568,224,12,8,1597159119.313535,331,332,230113017,00:00:00:00:00:06,00:00:00:00:00:09
68,348312,252,4,104,1597159122.380391,836,829,446982620,00:00:00:00:00:06,00:00:00:00:00:09
56,250568,224,12,16,1597159125.529266,330,332,230113017,00:00:00:00:00:06,00:00:00:00:00:09
68,348312,252,4,104,1597159129.789249,834,829,446982620,00:00:00:00:00:06,00:00:00:00:00:09
56,250568,224,12,24,1597159131.112929,331,332,230113017,00:00:00:00:00:06,00:00:00:00:00:09
68,348312,252,4,104,1597159136.463587,825,829,446982620,00:00:00:00:00:06,00:00:00:00:00:09
56,250568,224,12,32,1597159138.040043,331,332,230113017,00:00:00:00:00:06,00:00:00:00:00:09
68,348312,252,4,104,1597159143.907486,823,829,446982620,00:00:00:00:00:06,00:00:00:00:00:09
68,348312,252,4,104,1597159150.585155,837,829,446982620,00:00:00:00:00:06,00:00:00:00:00:09
56,250568,224,12,64,1597159155.213663,332,332,230113017,00:00:00:00:00:06,00:00:00:00:00:09
68,348312,252,76,104,1597159158.38117,830,829,446982620,00:00:00:00:00:06,00:00:00:00:00:09
68,348312,252,4,104,1597159165.614267,826,829,446982620,00:00:00:00:00:06,00:00:00:00:00:09
56,250568,224,12,88,1597159170.880416,333,332,230113017,00:00:00:00:00:06,00:00:00:00:00:09
68,348312,252,76,104,1597159172.8472,833,829,446982620,00:00:00:00:00:06,00:00:00:00:00:09
56,250568,224,12,96,1597159175.971219,331,332,230113017,00:00:00:00:00:06,00:00:00:00:00:09
68,348312,252,4,104,1597159180.354595,827,829,446982620,00:00:00:00:00:06,00:00:00:00:00:09
56,250568,224,12,104,1597159181.93283,331,332,230113017,00:00:00:00:00:06,00:00:00:00:00:09
56,250568,224,12,112,1597159185.54539,328,332,230113017,00:00:00:00:00:06,00:00:00:00:00:09
68,348312,252,76,104,1597159189.45186,835,829,446982620,00:00:00:00:00:06,00:00:00:00:00:09
56,250568,224,12,120,1597159190.402608,330,332,230113017,00:00:00:00:00:06,00:00:00:00:00:09
56,250568,224,12,128,1597159195.938088,329,332,230113017,00:00:00:00:00:06,00:00:00:00:00:09
68,348312,252,4,104,1597159198.018321,825,829,446982620,00:00:00:00:00:06,00:00:00:00:00:09
56,250568,224,12,136,1597159201.454217,335,332,230113017,00:00:00:00:00:06,00:00:00:00:00:09
68,348312,252,76,104,1597159206.053107,831,829,446982620,00:00:00:00:00:06,00:00:00:00:00:09
56,250568,224,12,144,1597159207.196085,332,332,230113017,00:00:00:00:00:06,00:00:00:00:00:09
56,250568,224,12,0,1597159211.037936,329,332,230113017,00:00:00:00:00:06,00:00:00:00:00:09
68,348312,252,4,104,1597159214.71886,828,829,446982620,00:00:00:00:00:06,00:00:00:00:00:09
56,250568,224,12,8,1597159215.686106,329,332,230113017,00:00:00:00:00:06,00:00:00:00:00:09
56,250568,224,12,16,1597159222.047448,333,332,230113017,00:00:00:00:00:06,00:00:00:00:00:09
68,348312,252,76,104,1597159222.482894,828,829,446982620,00:00:00:00:00:06,00:00:00:00:00:09
56,250568,224,12,24,1597159228.376412,333,332,230113017,00:00:00:00:00:06,00:00:00:00:00:09
68,348312,252,4,104,1597159231.658464,828,829,446982620,00:00:00:00:00:06,00:00:00:00:00:09
56,250568,224,12,32,1597159235.470755,331,332,230113017,00:00:00:00:00:06,00:00:00:00:00:09
68,348312,252,76,104,1597159239.549657,834,829,446982620,00:00:00:00:00:06,00:00:00:00:00:09
68,348312,252,4,104,1597159247.055376,829,829,446982620,00:00:00:00:00:06,00:00:00:00:00:09
56,250568,224,12,64,1597159251.024211,332,332,230113017,00:00:00:00:00:06,00:00:00:00:00:09
68,348312,252,76,104,1597159254.351435,835,829,446982620,00:00:00:00:00:06,00:00:00:00:00:09
68,348312,252,4,104,1597159262.527807,831,829,446982620,00:00:00:00:00:06,00:00:00:00:00:09
56,250568,224,12,88,1597159264.255162,329,332,230113017,00:00:00:00:00:06,00:00:00:00:00:09
56,250568,224,12,96,1597159269.193913,332,332,230113017,00:00:00:00:00:06,00:00:00:00:00:09
68,348312,252,76,104,1597159269.915071,830,829,446982620,00:00:00:00:00:06,00:00:00:00:00:09
56,250568,224,12,104,1597159274.752004,335,332,230113017,00:00:00:00:00:06,00:00:00:00:00:09
68,348312,252,4,104,1597159277.586715,828,829,446982620,00:00:00:00:00:06,00:00:00:00:00:09
56,250568,224,12,112,1597159278.903831,333,332,230113017,00:00:00:00:00:06,00:00:00:00:00:09
56,250568,224,12,120,1597159284.269692,330,332,230113017,00:00:00:00:00:06,00:00:00:00:00:09
68,348312,252,76,104,1597159286.992057,831,829,446982620,00:00:00:00:00:06,00:00:00:00:00:09
56,250568,224,12,128,1597159289.411534,330,332,230113017,00:00:00:00:00:06,00:00:00:00:00:09
68,348312,252,4,104,1597159294.452069,827,829,446982620,00:00:00:00:00:06,00:00:00:00:00:09
56,250568,224,12,136,1597159294.757345,333,332,230113017,00:00:00:00:00:06,00:00:00:00:00:09
56,250568,224,12,144,1597159300.451898,337,332,230113017,00:00:00:00:00:06,00:00:00:00:00:09
68,348312,252,76,104,1597159302.236118,827,829,446982620,00:00:00:00:00:06,00:00:00:00:00:09
56,250568,224,12,0,1597159304.247001,331,332,230113017,00:00:00:00:00:06,00:00:00:00:00:09
56,250568,224,12,8,1597159308.882585,333,332,230113017,00:00:00:00:00:06,00:00:00:00:00:09
68,348312,252,4,104,1597159311.115849,836,829,446982620,00:00:00:00:00:06,00:00:00:00:00:09
56,250568,224,12,16,1597159316.012962,327,332,230113017,00:00:00:00:00:06,00:00:00:00:00:09
68,348312,252,76,104,1597159319.556502,833,829,446982620,00:00:00:00:00:06,00:00:00:00:00:09
56,250568,224,12,24,1597159321.579671,328,332,230113017,00:00:00:00:00:06,00:00:00:00:00:09
56,250568,224,12,32,1597159327.132212,333,332,230113017,00:00:00:00:00:06,00:00:00:00:00:09
68,348312,252,4,104,1597159328.370537,823,829,446982620,00:00:00:00:00:06,00:00:00:00:00:09
68,348312,252,76,104,1597159336.854452,824,829,446982620,00:00:00:00:00:06,00:00:00:00:00:09
56,250568,224,12,64,1597159343.039649,334,332,230113017,00:00:00:00:00:06,00:00:00:00:00:09
68,348312,252,4,104,1597159344.486326,823,829,446982620,00:00:00:00:00:06,00:00:00:00:00:09
68,348312,252,76,104,1597159351.282373,829,829,446982620,00:00:00:00:00:06,00:00:00:00:00:09
56,250568,224,12,88,1597159358.343128,332,332,230113017,00:00:00:00:00:06,00:00:00:00:00:09
68,348312,252,4,104,1597159358.805952,834,829,446982620,00:00:00:00:00:06,00:00:00:00:00:09
56,250568,224,12,96,1597159362.661857,332,332,230113017,00:00:00:00:00:06,00:00:00:00:00:09
68,348312,252,76,104,1597159366.252525,833,829,446982620,00:00:00:00:00:06,00:00:00:00:00:09
56,250568,224,12,104,1597159368.092249,333,332,230113017,00:00:00:00:00:06,00:00:00:00:00:09
56,250568,224,12,112,1597159371.181429,329,332,230113017,00:00:00:00:00:06,00:00:00:00:00:09
68,348312,252,4,104,1597159373.68404,834,829,446982620,00:00:00:00:00:06,00:00:00:00:00:09
56,250568,224,12,120,1597159376.606195,331,332,230113017,00:00:00:00:00:06,00:00:00:00:00:09
68,348312,252,76,104,1597159381.925548,832,829,446982620,00:00:00:00:00:06,00:00:00:00:00:09
56,250568,224,12,128,1597159382.289787,329,332,230113017,00:00:00:00:00:06,00:00:00:00:00:09
56,250568,224,12,136,1597159386.470025,326,332,230113017,00:00:00:00:00:06,00:00:00:00:00:09
68,348312,252,4,104,1597159389.262296,828,829,446982620,00:00:00:00:00:06,00:00:00:00:00:09
56,250568,224,12,144,1597159392.298013,331,332,230113017,00:00:00:00:00:06,00:00:00:00:00:09
56,250568,224,12,0,1597159395.519617,335,332,230113017,00:00:00:00:00:06,00:00:00:00:00:09
68,348312,252,76,104,1597159396.264307,828,829,446982620,00:00:00:00:00:06,00:00:00:00:00:09
56,250568,224,12,8,1597159400.391153,338,332,230113017,00:00:00:00:00:06,00:00:00:00:00:09
68,348312,252,4,104,1597159404.369127,828,829,446982620,00:00:00:00:00:06,00:00:00:00:00:09
56,250568,224,12,16,1597159407.243331,329,332,230113017,00:00:00:00:00:06,00:00:00:00:00:09
68,348312,252,76,104,1597159411.585915,830,829,446982620,00:00:00:00:00:06,00:00:00:00:00:09
56,250568,224,12,24,1597159412.906428,337,332,230113017,00:00:00:00:00:06,00:00:00:00:00:09
56,250568,224,12,32,1597159418.346551,328,332,230113017,00:00:00:00:00:06,00:00:00:00:00:09
68,348312,252,4,104,1597159419.461504,831,829,446982620,00:00:00:00:00:06,00:00:00:00:00:09
68,348312,252,76,104,1597159428.160513,829,829,446982620,00:00:00:00:00:06,00:00:00:00:00:09
56,250568,224,12,64,1597159434.682053,334,332,230113017,00:00:00:00:00:06,00:00:00:00:00:09
68,348312,252,4,104,1597159435.3885,830,829,446982620,00:00:00:00:00:06,00:00:00:00:00:09
68,348312,252,76,104,1597159443.454792,826,829,446982620,00:00:00:00:00:06,00:00:00:00:00:09
56,250568,224,12,88,1597159449.145814,333,332,230113017,00:00:00:00:00:06,00:00:00:00:00:09
68,348312,252,4,104,1597159451.56917,833,829,446982620,00:00:00:00:00:06,00:00:00:00:00:09
56,250568,224,12,96,1597159454.412143,329,332,230113017,00:00:00:00:00:06,00:00:00:00:00:09
68,348312,252,76,104,1597159459.455438,830,829,446982620,00:00:00:00:00:06,00:00:00:00:00:09
56,250568,224,12,104,1597159459.644715,326,332,230113017,00:00:00:00:00:06,00:00:00:00:00:09
56,250568,224,12,112,1597159462.496084,334,332,230113017,00:00:00:00:00:06,00:00:00:00:00:09
68,348312,252,4,104,1597159465.698504,831,829,446982620,00:00:00:00:00:06,00:00:00:00:00:09
56,250568,224,12,120,1597159466.931362,335,332,230113017,00:00:00:00:00:06,00:00:00:00:00:09
56,250568,224,12,128,1597159472.1743,334,332,230113017,00:00:00:00:00:06,00:00:00:00:00:09
68,348312,252,76,104,1597159472.852702,833,829,446982620,00:00:00:00:00:06,00:00:00:00:00:09
56,250568,224,12,136,1597159478.015043,331,332,230113017,00:00:00:00:00:06,00:00:00:00:00:09
68,348312,252,4,104,1597159480.313284,825,829,446982620,00:00:00:00:00:06,00:00:00:00:00:09
56,250568,224,12,144,1597159483.687013,334,332,230113017,00:00:00:00:00:06,00:00:00:00:00:09
68,348312,252,76,104,1597159486.888769,825,829,446982620,00:00:00:00:00:06,00:00:00:00:00:09
56,250568,224,12,0,1597159486.891777,331,332,230113017,00:00:00:00:00:06,00:00:00:00:00:09
56,250568,224,12,8,1597159490.48664,333,332,230113017,00:00:00:00:00:06,00:00:00:00:00:09
68,348312,252,4,104,1597159492.703818,837,829,446982620,00:00:00:00:00:06,00:00:00:00:00:09
56,250568,224,12,16,1597159495.924041,329,332,230113017,00:00:00:00:00:06,00:00:00:00:00:09
68,348312,252,76,104,1597159498.066321,825,829,446982620,00:00:00:00:00:06,00:00:00:00:00:09
56,250568,224,12,24,1597159499.87372,328,332,230113017,00:00:00:00:00:06,00:00:00:00:00:09
68,348312,252,4,104,1597159503.72007,835,829,446982620,00:00:00:00:00:06,00:00:00:00:00:09
56,250568,224,12,32,1597159504.854361,330,332,230113017,00:00:00:00:00:06,00:00:00:00:00:09
68,348312,252,76,104,1597159509.541292,827,829,446982620,00:00:00:00:00:06,00:00:00:00:00:09
56,250568,224,12,64,1597159515.724623,330,332,230113017,00:00:00:00:00:06,00:00:00:00:00:09
68,348312,252,4,104,1597159515.725476,823,829,446982620,00:00:00:00:00:06,00:00:00:00:00:09
68,348312,252,76,104,1597159520.86722,826,829,446982620,00:00:00:00:00:06,00:00:00:00:00:09
56,250568,224,12,88,1597159525.457778,334,332,230113017,00:00:00:00:00:06,00:00:00:00:00:09
68,348312,252,4,104,1597159525.889578,825,829,446982620,00:00:00:00:00:06,00:00:00:00:00:09
56,250568,224,12,96,1597159528.979971,333,332,230113017,00:00:00:00:00:06,00:00:00:00:00:09
68,348312,252,76,104,1597159530.807326,827,829,446982620,00:00:00:00:00:06,00:00:00:00:00:09
56,250568,224,12,104,1597159533.246,328,332,230113017,00:00:00:00:00:06,00:00:00:00:00:09
68,348312,252,4,104,1597159535.544129,832,829,446982620,00:00:00:00:00:06,00:00:00:00:00:09
56,250568,224,12,112,1597159535.684131,333,332,230113017,00:00:00:00:00:06,00:00:00:00:00:09
56,250568,224,12,120,1597159538.749347,331,332,230113017,00:00:00:00:00:06,00:00:00:00:00:09
68,348312,252,76,104,1597159540.57565,837,829,446982620,00:00:00:00:00:06,00:00:00:00:00:09
56,250568,224,12,128,1597159542.767774,331,332,230113017,00:00:00:00:00:06,00:00:00:00:00:09
68,348312,252,4,104,1597159545.572767,828,829,446982620,00:00:00:00:00:06,00:00:00:00:00:09
56,250568,224,12,136,1597159546.530901,328,332,230113017,00:00:00:00:00:06,00:00:00:00:00:09
56,250568,224,12,144,1597159550.553579,332,332,230113017,00:00:00:00:00:06,00:00:00:00:00:09
68,348312,252,76,104,1597159550.553805,828,829,446982620,00:00:00:00:00:06,00:00:00:00:00:09
68,348312,252,4,104,1597159555.282503,815,829,446982620,00:00:00:00:00:06,00:00:00:00:00:09
68,348312,252,76,104,1597159559.978498,839,829,446982620,00:00:00:00:00:06,00:00:00:00:00:09
68,348312,252,4,104,1597159564.574735,822,829,446982620,00:00:00:00:00:06,00:00:00:00:00:09
68,348312,252,76,104,1597159569.31141,820,829,446982620,00:00:00:00:00:06,00:00:00:00:00:09
68,348312,252,4,104,1597159574.638305,833,829,446982620,00:00:00:00:00:06,00:00:00:00:00:09
68,348312,252,76,104,1597159579.876923,828,829,446982620,00:00:00:00:00:06,00:00:00:00:00:09
68,348312,252,4,104,1597159584.109062,832,829,446982620,00:00:00:00:00:06,00:00:00:00:00:09
68,348312,252,76,104,1597159589.293828,828,829,446982620,00:00:00:00:00:06,00:00:00:00:00:09
68,348312,252,4,104,1597159593.621654,828,829,446982620,00:00:00:00:00:06,00:00:00:00:00:09
68,348312,252,76,104,1597159597.130889,833,829,446982620,00:00:00:00:00:06,00:00:00:00:00:09
68,348312,252,4,104,1597159598.89559,829,829,446982620,00:00:00:00:00:06,00:00:00:00:00:09
68,348312,252,76,104,1597159600.801503,824,829,446982620,00:00:00:00:00:06,00:00:00:00:00:09
68,348312,252,69,104,1597159645.56514,832,829,446982620,00:00:00:00:00:07,00:00:00:00:00:09
68,348312,252,69,104,1597159650.571155,831,829,446982620,00:00:00:00:00:07,00:00:00:00:00:09
68,348312,252,69,104,1597159655.295995,835,829,446982620,00:00:00:00:00:07,00:00:00:00:00:09
68,348312,252,69,104,1597159660.658483,823,829,446982620,00:00:00:00:00:07,00:00:00:00:00:09
68,348312,252,69,104,1597159665.645473,824,829,446982620,00:00:00:00:00:07,00:00:00:00:00:09
68,348312,252,77,104,1597159671.262725,822,829,446982620,00:00:00:00:00:07,00:00:00:00:00:09
68,348312,252,69,104,1597159676.599274,830,829,446982620,00:00:00:00:00:07,00:00:00:00:00:09
68,348312,252,77,104,1597159682.01426,827,829,446982620,00:00:00:00:00:07,00:00:00:00:00:09
68,348312,252,69,104,1597159687.187473,828,829,446982620,00:00:00:00:00:07,00:00:00:00:00:09
68,348312,252,77,104,1597159691.986856,829,829,446982620,00:00:00:00:00:07,00:00:00:00:00:09
68,348312,252,149,104,1597159696.871086,834,829,446982620,00:00:00:00:00:07,00:00:00:00:00:09
68,348312,252,69,104,1597159701.680524,823,829,446982620,00:00:00:00:00:07,00:00:00:00:00:09
68,348312,252,77,104,1597159706.502706,822,829,446982620,00:00:00:00:00:07,00:00:00:00:00:09
68,348312,252,149,104,1597159711.959526,825,829,446982620,00:00:00:00:00:07,00:00:00:00:00:09
68,348312,252,69,104,1597159717.132998,831,829,446982620,00:00:00:00:00:07,00:00:00:00:00:09
68,348312,252,77,104,1597159721.703622,828,829,446982620,00:00:00:00:00:07,00:00:00:00:00:09
68,348312,252,149,104,1597159726.884682,828,829,446982620,00:00:00:00:00:07,00:00:00:00:00:09
68,348312,252,69,104,1597159732.85676,833,829,446982620,00:00:00:00:00:07,00:00:00:00:00:09
68,348312,252,77,104,1597159738.553597,830,829,446982620,00:00:00:00:00:07,00:00:00:00:00:09
68,348312,252,149,104,1597159743.589944,820,829,446982620,00:00:00:00:00:07,00:00:00:00:00:09
68,348312,252,69,104,1597159748.808152,826,829,446982620,00:00:00:00:00:07,00:00:00:00:00:09
68,348312,252,77,104,1597159753.26513,827,829,446982620,00:00:00:00:00:07,00:00:00:00:00:09
68,348312,252,149,104,1597159758.336386,832,829,446982620,00:00:00:00:00:07,00:00:00:00:00:09
68,348312,252,69,104,1597159763.389081,831,829,446982620,00:00:00:00:00:07,00:00:00:00:00:09
68,348312,252,77,104,1597159769.876925,826,829,446982620,00:00:00:00:00:07,00:00:00:00:00:09
68,348312,252,149,104,1597159775.351872,831,829,446982620,00:00:00:00:00:07,00:00:00:00:00:09
68,348312,252,69,104,1597159780.263382,822,829,446982620,00:00:00:00:00:07,00:00:00:00:00:09
68,348312,252,77,104,1597159785.253496,827,829,446982620,00:00:00:00:00:07,00:00:00:00:00:09
68,348312,252,149,104,1597159791.247828,825,829,446982620,00:00:00:00:00:07,00:00:00:00:00:09
68,348312,252,69,104,1597159796.708255,825,829,446982620,00:00:00:00:00:07,00:00:00:00:00:09
68,348312,252,77,104,1597159801.93598,832,829,446982620,00:00:00:00:00:07,00:00:00:00:00:09
68,348312,252,149,104,1597159806.762879,836,829,446982620,00:00:00:00:00:07,00:00:00:00:00:09
68,348312,252,69,104,1597159812.439106,826,829,446982620,00:00:00:00:00:07,00:00:00:00:00:09
68,348312,252,77,104,1597159817.779783,824,829,446982620,00:00:00:00:00:07,00:00:00:00:00:09
68,348312,252,149,104,1597159822.814689,828,829,446982620,00:00:00:00:00:07,00:00:00:00:00:09
68,348312,252,69,104,1597159828.155719,826,829,446982620,00:00:00:00:00:07,00:00:00:00:00:09
68,348312,252,77,104,1597159833.432542,826,829,446982620,00:00:00:00:00:07,00:00:00:00:00:09
68,348312,252,149,104,1597159838.94488,832,829,446982620,00:00:00:00:00:07,00:00:00:00:00:09
68,348312,252,69,104,1597159843.749236,830,829,446982620,00:00:00:00:00:07,00:00:00:00:00:09
68,348312,252,77,104,1597159849.778007,833,829,446982620,00:00:00:00:00:07,00:00:00:00:00:09
68,348312,252,149,104,1597159855.469332,837,829,446982620,00:00:00:00:00:07,00:00:00:00:00:09
68,348312,252,69,104,1597159861.342951,828,829,446982620,00:00:00:00:00:07,00:00:00:00:00:09
68,348312,252,77,104,1597159866.486054,826,829,446982620,00:00:00:00:00:07,00:00:00:00:00:09
68,348312,252,149,104,1597159871.469473,830,829,446982620,00:00:00:00:00:07,00:00:00:00:00:09
68,348312,252,69,104,1597159876.497003,829,829,446982620,00:00:00:00:00:07,00:00:00:00:00:09
68,348312,252,77,104,1597159881.613522,820,829,446982620,00:00:00:00:00:07,00:00:00:00:00:09
68,348312,252,149,104,1597159887.633567,826,829,446982620,00:00:00:00:00:07,00:00:00:00:00:09
68,348312,252,69,104,1597159893.503859,829,829,446982620,00:00:00:00:00:07,00:00:00:00:00:09
68,348312,252,77,104,1597159898.409494,832,829,446982620,00:00:00:00:00:07,00:00:00:00:00:09
68,348312,252,149,104,1597159904.027299,825,829,446982620,00:00:00:00:00:07,00:00:00:00:00:09
68,348312,252,69,104,1597159909.779435,828,829,446982620,00:00:00:00:00:07,00:00:00:00:00:09
68,348312,252,77,104,1597159916.05284,834,829,446982620,00:00:00:00:00:07,00:00:00:00:00:09
68,348312,252,149,104,1597159920.975527,826,829,446982620,00:00:00:00:00:07,00:00:00:00:00:09
68,348312,252,69,104,1597159926.422411,834,829,446982620,00:00:00:00:00:07,00:00:00:00:00:09
68,348312,252,77,104,1597159931.128276,839,829,446982620,00:00:00:00:00:07,00:00:00:00:00:09
68,348312,252,149,104,1597159936.407848,829,829,446982620,00:00:00:00:00:07,00:00:00:00:00:09
68,348312,252,69,104,1597159941.081883,833,829,446982620,00:00:00:00:00:07,00:00:00:00:00:09
68,348312,252,77,104,1597159945.304813,829,829,446982620,00:00:00:00:00:07,00:00:00:00:00:09
68,348312,252,149,104,1597159950.242999,826,829,446982620,00:00:00:00:00:07,00:00:00:00:00:09
68,348312,252,69,104,1597159955.414359,830,829,446982620,00:00:00:00:00:07,00:00:00:00:00:09
68,348312,252,77,104,1597159960.554044,828,829,446982620,00:00:00:00:00:07,00:00:00:00:00:09
68,348312,252,149,104,1597159965.644516,831,829,446982620,00:00:00:00:00:07,00:00:00:00:00:09
68,348312,252,69,104,1597159969.884244,831,829,446982620,00:00:00:00:00:07,00:00:00:00:00:09
68,348312,252,77,104,1597159974.35465,833,829,446982620,00:00:00:00:00:07,00:00:00:00:00:09
68,348312,252,149,104,1597159978.54157,830,829,446982620,00:00:00:00:00:07,00:00:00:00:00:09
68,348312,252,69,104,1597159982.171416,830,829,446982620,00:00:00:00:00:07,00:00:00:00:00:09
68,348312,252,77,104,1597159985.703618,828,829,446982620,00:00:00:00:00:07,00:00:00:00:00:09
68,348312,252,149,104,1597159989.109392,824,829,446982620,00:00:00:00:00:07,00:00:00:00:00:09
68,348312,252,69,104,1597159993.325323,829,829,446982620,00:00:00:00:00:07,00:00:00:00:00:09
68,348312,252,77,104,1597159997.047303,826,829,446982620,00:00:00:00:00:07,00:00:00:00:00:09
68,348312,252,149,104,1597160001.453838,832,829,446982620,00:00:00:00:00:07,00:00:00:00:00:09
68,348312,252,69,104,1597160004.801985,834,829,446982620,00:00:00:00:00:07,00:00:00:00:00:09
68,348312,252,77,104,1597160008.869429,822,829,446982620,00:00:00:00:00:07,00:00:00:00:00:09
68,348312,252,149,104,1597160013.16296,828,829,446982620,00:00:00:00:00:07,00:00:00:00:00:09
68,348312,252,69,104,1597160017.490465,827,829,446982620,00:00:00:00:00:07,00:00:00:00:00:09
68,348312,252,77,104,1597160021.258968,829,829,446982620,00:00:00:00:00:07,00:00:00:00:00:09
68,348312,252,149,104,1597160025.030737,822,829,446982620,00:00:00:00:00:07,00:00:00:00:00:09
68,348312,252,69,104,1597160028.679933,827,829,446982620,00:00:00:00:00:07,00:00:00:00:00:09
68,348312,252,77,104,1597160032.390581,831,829,446982620,00:00:00:00:00:07,00:00:00:00:00:09
68,348312,252,149,104,1597160036.122275,836,829,446982620,00:00:00:00:00:07,00:00:00:00:00:09
68,348312,252,69,104,1597160040.43677,834,829,446982620,00:00:00:00:00:07,00:00:00:00:00:09
68,348312,252,77,104,1597160044.343859,830,829,446982620,00:00:00:00:00:07,00:00:00:00:00:09
68,348312,252,149,104,1597160048.481503,832,829,446982620,00:00:00:00:00:07,00:00:00:00:00:09
68,348312,252,69,104,1597160052.645461,829,829,446982620,00:00:00:00:00:07,00:00:00:00:00:09
68,348312,252,77,104,1597160056.375839,824,829,446982620,00:00:00:00:00:07,00:00:00:00:00:09
68,348312,252,149,104,1597160060.491325,834,829,446982620,00:00:00:00:00:07,00:00:00:00:00:09
68,348312,252,69,104,1597160064.415678,833,829,446982620,00:00:00:00:00:07,00:00:00:00:00:09
68,348312,252,77,104,1597160068.516618,834,829,446982620,00:00:00:00:00:07,00:00:00:00:00:09
68,348312,252,149,104,1597160072.501012,831,829,446982620,00:00:00:00:00:07,00:00:00:00:00:09
68,348312,252,69,104,1597160076.280769,835,829,446982620,00:00:00:00:00:07,00:00:00:00:00:09
68,348312,252,77,104,1597160080.272518,833,829,446982620,00:00:00:00:00:07,00:00:00:00:00:09
68,348312,252,149,104,1597160081.994842,836,829,446982620,00:00:00:00:00:07,00:00:00:00:00:09
68,348312,252,69,104,1597160083.342776,828,829,446982620,00:00:00:00:00:07,00:00:00:00:00:09
68,348312,252,77,104,1597160084.694765,829,829,446982620,00:00:00:00:00:07,00:00:00:00:00:09
68,348312,252,149,104,1597160086.038773,836,829,446982620,00:00:00:00:00:07,00:00:00:00:00:09
68,348312,252,6,104,1597160126.669259,826,829,446982620,00:00:00:00:00:08,00:00:00:00:00:09
68,348312,252,6,104,1597160132.099109,828,829,446982620,00:00:00:00:00:08,00:00:00:00:00:09
68,348312,252,6,104,1597160138.52978,825,829,446982620,00:00:00:00:00:08,00:00:00:00:00:09
68,348312,252,6,104,1597160143.668207,826,829,446982620,00:00:00:00:00:08,00:00:00:00:00:09
68,348312,252,6,104,1597160148.727996,825,829,446982620,00:00:00:00:00:08,00:00:00:00:00:09
68,348312,252,30,104,1597160154.694583,829,829,446982620,00:00:00:00:00:08,00:00:00:00:00:09
68,348312,252,6,104,1597160159.845027,832,829,446982620,00:00:00:00:00:08,00:00:00:00:00:09
68,348312,252,30,104,1597160164.554535,833,829,446982620,00:00:00:00:00:08,00:00:00:00:00:09
68,348312,252,6,104,1597160170.038657,828,829,446982620,00:00:00:00:00:08,00:00:00:00:00:09
68,348312,252,30,104,1597160175.196333,828,829,446982620,00:00:00:00:00:08,00:00:00:00:00:09
68,348312,252,38,104,1597160181.518146,826,829,446982620,00:00:00:00:00:08,00:00:00:00:00:09
68,348312,252,94,104,1597160187.553757,827,829,446982620,00:00:00:00:00:08,00:00:00:00:00:09
68,348312,252,6,104,1597160192.388616,828,829,446982620,00:00:00:00:00:08,00:00:00:00:00:09
68,348312,252,30,104,1597160197.631843,828,829,446982620,00:00:00:00:00:08,00:00:00:00:00:09
68,348312,252,38,104,1597160202.801809,828,829,446982620,00:00:00:00:00:08,00:00:00:00:00:09
68,348312,252,94,104,1597160208.284266,827,829,446982620,00:00:00:00:00:08,00:00:00:00:00:09
68,348312,252,118,104,1597160213.807679,825,829,446982620,00:00:00:00:00:08,00:00:00:00:00:09
68,348312,252,142,104,1597160219.678676,825,829,446982620,00:00:00:00:00:08,00:00:00:00:00:09
68,348312,252,6,104,1597160224.736109,827,829,446982620,00:00:00:00:00:08,00:00:00:00:00:09
68,348312,252,30,104,1597160230.599882,832,829,446982620,00:00:00:00:00:08,00:00:00:00:00:09
68,348312,252,38,104,1597160235.952723,827,829,446982620,00:00:00:00:00:08,00:00:00:00:00:09
68,348312,252,94,104,1597160240.838452,828,829,446982620,00:00:00:00:00:08,00:00:00:00:00:09
68,348312,252,118,104,1597160247.6006,839,829,446982620,00:00:00:00:00:08,00:00:00:00:00:09
68,348312,252,142,104,1597160253.800866,820,829,446982620,00:00:00:00:00:08,00:00:00:00:00:09
68,348312,252,6,104,1597160259.852208,834,829,446982620,00:00:00:00:00:08,00:00:00:00:00:09
68,348312,252,30,104,1597160264.790911,825,829,446982620,00:00:00:00:00:08,00:00:00:00:00:09
68,348312,252,38,104,1597160270.397355,825,829,446982620,00:00:00:00:00:08,00:00:00:00:00:09
68,348312,252,94,104,1597160275.847238,821,829,446982620,00:00:00:00:00:08,00:00:00:00:00:09
68,348312,252,118,104,1597160281.839649,828,829,446982620,00:00:00:00:00:08,00:00:00:00:00:09
68,348312,252,142,104,1597160287.191475,827,829,446982620,00:00:00:00:00:08,00:00:00:00:00:09
68,348312,252,6,104,1597160292.687488,829,829,446982620,00:00:00:00:00:08,00:00:00:00:00:09
68,348312,252,30,104,1597160298.184754,827,829,446982620,00:00:00:00:00:08,00:00:00:00:00:09
68,348312,252,38,104,1597160303.234035,829,829,446982620,00:00:00:00:00:08,00:00:00:00:00:09
68,348312,252,94,104,1597160308.401891,822,829,446982620,00:00:00:00:00:08,00:00:00:00:00:09
68,348312,252,118,104,1597160312.927081,826,829,446982620,00:00:00:00:00:08,00:00:00:00:00:09
68,348312,252,142,104,1597160318.304276,830,829,446982620,00:00:00:00:00:08,00:00:00:00:00:09
68,348312,252,6,104,1597160322.925795,830,829,446982620,00:00:00:00:00:08,00:00:00:00:00:09
68,348312,252,30,104,1597160327.186756,834,829,446982620,00:00:00:00:00:08,00:00:00:00:00:09
68,348312,252,38,104,1597160332.74837,833,829,446982620,00:00:00:00:00:08,00:00:00:00:00:09
68,348312,252,94,104,1597160337.976667,834,829,446982620,00:00:00:00:00:08,00:00:00:00:00:09
68,348312,252,118,104,1597160342.976236,824,829,446982620,00:00:00:00:00:08,00:00:00:00:00:09
68,348312,252,142,104,1597160349.091475,827,829,446982620,00:00:00:00:00:08,00:00:00:00:00:09
68,348312,252,6,104,1597160353.854705,832,829,446982620,00:00:00:00:00:08,00:00:00:00:00:09
68,348312,252,30,104,1597160358.765844,827,829,446982620,00:00:00:00:00:08,00:00:00:00:00:09
68,348312,252,38,104,1597160363.785487,826,829,446982620,00:00:00:00:00:08,00:00:00:00:00:09
68,348312,252,94,104,1597160370.130751,832,829,446982620,00:00:00:00:00:08,00:00:00:00:00:09
68,348312,252,118,104,1597160375.997202,826,829,446982620,00:00:00:00:00:08,00:00:00:00:00:09
68,348312,252,142,104,1597160381.131,824,829,446982620,00:00:00:00:00:08,00:00:00:00:00:09
68,348312,252,6,104,1597160386.230145,830,829,446982620,00:00:00:00:00:08,00:00:00:00:00:09
68,348312,252,30,104,1597160391.038221,830,829,446982620,00:00:00:00:00:08,00:00:00:00:00:09
68,348312,252,38,104,1597160396.606986,830,829,446982620,00:00:00:00:00:08,00:00:00:00:00:09
68,348312,252,94,104,1597160402.586849,833,829,446982620,00:00:00:00:00:08,00:00:00:00:00:09
68,348312,252,118,104,1597160408.044906,821,829,446982620,00:00:00:00:00:08,00:00:00:00:00:09
68,348312,252,142,104,1597160413.421536,835,829,446982620,00:00:00:00:00:08,00:00:00:00:00:09
68,348312,252,6,104,1597160418.583353,829,829,446982620,00:00:00:00:00:08,00:00:00:00:00:09
68,348312,252,30,104,1597160424.387769,828,829,446982620,00:00:00:00:00:08,00:00:00:00:00:09
68,348312,252,38,104,1597160428.771369,819,829,446982620,00:00:00:00:00:08,00:00:00:00:00:09
68,348312,252,94,104,1597160433.729831,832,829,446982620,00:00:00:00:00:08,00:00:00:00:00:09
68,348312,252,118,104,1597160438.201752,819,829,446982620,00:00:00:00:00:08,00:00:00:00:00:09
68,348312,252,142,104,1597160442.579177,830,829,446982620,00:00:00:00:00:08,00:00:00:00:00:09
68,348312,252,6,104,1597160447.183221,836,829,446982620,00:00:00:00:00:08,00:00:00:00:00:09
68,348312,252,30,104,1597160451.058548,822,829,446982620,00:00:00:00:00:08,00:00:00:00:00:09
68,348312,252,38,104,1597160456.014874,820,829,446982620,00:00:00:00:00:08,00:00:00:00:00:09
68,348312,252,94,104,1597160460.03547,828,829,446982620,00:00:00:00:00:08,00:00:00:00:00:09
68,348312,252,118,104,1597160464.883271,818,829,446982620,00:00:00:00:00:08,00:00:00:00:00:09
68,348312,252,142,104,1597160469.408168,832,829,446982620,00:00:00:00:00:08,00:00:00:00:00:09
68,348312,252,6,104,1597160473.74724,827,829,446982620,00:00:00:00:00:08,00:00:00:00:00:09
68,348312,252,30,104,1597160477.106574,818,829,446982620,00:00:00:00:00:08,00:00:00:00:00:09
68,348312,252,38,104,1597160480.756179,830,829,446982620,00:00:00:00:00:08,00:00:00:00:00:09
68,348312,252,94,104,1597160484.639574,829,829,446982620,00:00:00:00:00:08,00:00:00:00:00:09
68,348312,252,118,104,1597160488.845277,830,829,446982620,00:00:00:00:00:08,00:00:00:00:00:09
68,348312,252,142,104,1597160493.250879,829,829,446982620,00:00:00:00:00:08,00:00:00:00:00:09
68,348312,252,6,104,1597160497.362959,825,829,446982620,00:00:00:00:00:08,00:00:00:00:00:09
68,348312,252,30,104,1597160501.221443,827,829,446982620,00:00:00:00:00:08,00:00:00:00:00:09
68,348312,252,38,104,1597160504.977061,834,829,446982620,00:00:00:00:00:08,00:00:00:00:00:09
68,348312,252,94,104,1597160509.016585,826,829,446982620,00:00:00:00:00:08,00:00:00:00:00:09
68,348312,252,118,104,1597160512.968571,820,829,446982620,00:00:00:00:00:08,00:00:00:00:00:09
68,348312,252,142,104,1597160516.914073,832,829,446982620,00:00:00:00:00:08,00:00:00:00:00:09
68,348312,252,6,104,1597160521.738037,828,829,446982620,00:00:00:00:00:08,00:00:00:00:00:09
68,348312,252,30,104,1597160525.460967,830,829,446982620,00:00:00:00:00:08,00:00:00:00:00:09
68,348312,252,38,104,1597160529.178913,824,829,446982620,00:00:00:00:00:08,00:00:00:00:00:09
68,348312,252,94,104,1597160533.018353,827,829,446982620,00:00:00:00:00:08,00:00:00:00:00:09
68,348312,252,118,104,1597160536.592841,828,829,446982620,00:00:00:00:00:08,00:00:00:00:00:09
68,348312,252,142,104,1597160540.571128,819,829,446982620,00:00:00:00:00:08,00:00:00:00:00:09
68,348312,252,6,104,1597160544.253632,828,829,446982620,00:00:00:00:00:08,00:00:00:00:00:09
